signal_date,ticker,company,daily_return,weekly_return,monthly_return,volume_ratio,group_type,group_name,signal_type,message
2026-08-03,NVDA,NVIDIA,0.0293399720530431,0.051549565752291,0.0606169350079599,0.9877373406944784,,,strong_trend,NVDA is above 20/50/200-day moving averages.
2026-08-03,ANET,Arista,0.0251732361102721,0.0827477473492588,0.1556346836774644,0.99785673508247,,,near_52w_high,ANET is within 5% of its 52-week high.
2026-08-03,ANET,Arista,0.0251732361102721,0.0827477473492588,0.1556346836774644,0.99785673508247,,,strong_trend,ANET is above 20/50/200-day moving averages.
2026-08-03,CRDO,Credo,0.0548818798438397,0.0490535540684495,-0.0973915803477951,0.7836124182737394,,,single_stock_big_up,CRDO single-day gain >= 5%.
2026-08-03,VRT,Vertiv,0.0889182424038306,-0.0853616752070255,-0.1247130440840039,1.4965080817106025,,,single_stock_big_up,VRT single-day gain >= 5%.
2026-08-03,ETN,Eaton,0.0554672401305551,0.0993126502185317,0.0996437395046048,1.3017527420928132,,,single_stock_big_up,ETN single-day gain >= 5%.
2026-08-03,ETN,Eaton,0.0554672401305551,0.0993126502185317,0.0996437395046048,1.3017527420928132,,,near_52w_high,ETN is within 5% of its 52-week high.
2026-08-03,ETN,Eaton,0.0554672401305551,0.0993126502185317,0.0996437395046048,1.3017527420928132,,,strong_trend,ETN is above 20/50/200-day moving averages.
2026-08-03,NBIS,Nebius,0.1164329485980522,0.1314668741021614,-0.0140988468369114,1.1537066264880491,,,single_stock_big_up,NBIS single-day gain >= 5%.
2026-08-03,CRWV,CoreWeave,0.1949283286543892,0.2114705611964407,0.0491161447764012,1.6643485804174067,,,single_stock_big_up,CRWV single-day gain >= 5%.
2026-08-03,CRWV,CoreWeave,0.1949283286543892,0.2114705611964407,0.0491161447764012,1.6643485804174067,,,volume_up,CRWV rose with high volume.
2026-08-03,COHR,Coherent,0.0960477712847587,0.0620324250535921,-0.1356490661452239,1.166826125893098,,,single_stock_big_up,COHR single-day gain >= 5%.
2026-08-03,DDOG,Datadog,0.0210098326572591,0.0863178172019369,0.0508527481059548,1.190607953575614,,,near_52w_high,DDOG is within 5% of its 52-week high.
2026-08-03,DDOG,Datadog,0.0210098326572591,0.0863178172019369,0.0508527481059548,1.190607953575614,,,strong_trend,DDOG is above 20/50/200-day moving averages.
2026-08-03,RDW,Redwire,0.1183295210331103,0.0917327776461329,-0.1476569420278184,1.1104932018288778,,,single_stock_big_up,RDW single-day gain >= 5%.
2026-08-03,PL,Planet Labs,0.0512695882753191,0.0252381279355002,-0.3138941598964804,0.7829438236586406,,,single_stock_big_up,PL single-day gain >= 5%.
2026-08-03,UUUU,Energy Fuels,0.0620629426739178,0.0375746865029837,-0.1202028059845996,0.7607714651644469,,,single_stock_big_up,UUUU single-day gain >= 5%.
2026-08-03,SMR,NuScale Power,0.0700712763945221,0.0550351603194652,-0.0768442604930066,0.9241387782302076,,,single_stock_big_up,SMR single-day gain >= 5%.
2026-08-03,OKLO,Oklo,0.0615503290483239,-0.0141114597753826,-0.2127578162679788,0.9675595831905516,,,single_stock_big_up,OKLO single-day gain >= 5%.
2026-08-03,RGTI,Rigetti Computing,0.0715719506454717,0.0242966819756593,-0.1070234124379753,1.0273474285292965,,,single_stock_big_up,RGTI single-day gain >= 5%.
2026-08-03,QBTS,D-Wave Quantum,0.1050884749196841,0.0240901746714858,-0.1131824707808675,1.293739968534365,,,single_stock_big_up,QBTS single-day gain >= 5%.
2026-08-03,IONQ,IonQ,0.0661361124653194,0.081570168556103,-0.2090798184259977,1.1819246322706969,,,single_stock_big_up,IONQ single-day gain >= 5%.
2026-08-03,SNDK,Sandisk,0.060255406838924,0.0076668901354755,-0.2618739087123926,0.8749199541409566,,,single_stock_big_up,SNDK single-day gain >= 5%.
2026-08-03,ORCL,Oracle,0.092246180309147,0.1830692602026289,0.0147821193740984,1.2547552885417317,,,single_stock_big_up,ORCL single-day gain >= 5%.
2026-08-03,AEHR,Aehr Test Systems,0.1466616058415328,0.1836602363320063,0.3108919423188976,0.6979747681595996,,,single_stock_big_up,AEHR single-day gain >= 5%.
2026-08-03,AEHR,Aehr Test Systems,0.1466616058415328,0.1836602363320063,0.3108919423188976,0.6979747681595996,,,strong_trend,AEHR is above 20/50/200-day moving averages.
2026-08-03,DELL,Dell Technologies,0.058341747493293,0.0049424593789386,0.089797393161207,0.617454218333353,,,single_stock_big_up,DELL single-day gain >= 5%.
2026-08-03,DELL,Dell Technologies,0.058341747493293,0.0049424593789386,0.089797393161207,0.617454218333353,,,strong_trend,DELL is above 20/50/200-day moving averages.
2026-08-03,IREN,IREN Limited,0.0801630658722558,0.0953430420827636,0.0239567313881194,0.90959370100017,,,single_stock_big_up,IREN single-day gain >= 5%.
2026-08-03,APH,Amphenol,0.0164281234585133,0.0941854077811239,-0.0075946292472954,0.8188410899877694,,,strong_trend,APH is above 20/50/200-day moving averages.
2026-08-03,GLW,Corning,0.060687156525486,0.0228794556733562,-0.254840162647733,0.8149089786756109,,,single_stock_big_up,GLW single-day gain >= 5%.
2026-08-03,NET,Cloudflare,0.0134775937342375,0.0644930756655821,0.1663709663916379,0.9983265809193173,,,near_52w_high,NET is within 5% of its 52-week high.
2026-08-03,NET,Cloudflare,0.0134775937342375,0.0644930756655821,0.1663709663916379,0.9983265809193173,,,strong_trend,NET is above 20/50/200-day moving averages.
2026-08-03,SNOW,Snowflake,0.0485883799076376,0.1268136583934573,0.1821257197556012,1.4643015840495135,,,near_52w_high,SNOW is within 5% of its 52-week high.
2026-08-03,SNOW,Snowflake,0.0485883799076376,0.1268136583934573,0.1821257197556012,1.4643015840495135,,,strong_trend,SNOW is above 20/50/200-day moving averages.
2026-08-03,CRWD,CrowdStrike,0.0611966501018013,0.1245349652977132,0.044128249031498,1.2166695260992526,,,single_stock_big_up,CRWD single-day gain >= 5%.
2026-08-03,CRWD,CrowdStrike,0.0611966501018013,0.1245349652977132,0.044128249031498,1.2166695260992526,,,near_52w_high,CRWD is within 5% of its 52-week high.
2026-08-03,CRWD,CrowdStrike,0.0611966501018013,0.1245349652977132,0.044128249031498,1.2166695260992526,,,strong_trend,CRWD is above 20/50/200-day moving averages.
2026-08-03,BE,Bloom Energy,0.0607842666246736,0.1601658827799312,-0.1940640277658236,1.0408566707518727,,,single_stock_big_up,BE single-day gain >= 5%.
2026-08-03,LITE,Lumentum,0.0923747261415623,0.0954126504007415,0.0708067975692199,0.9608714129714336,,,single_stock_big_up,LITE single-day gain >= 5%.
2026-08-03,,,0.04683848488439612,0.04568493838753413,-0.04529545820881852,0.9284622293272292,theme,AI Infrastructure,group_summary,"theme=AI Infrastructure: avg daily return=4.68%, avg weekly return=4.57%, avg volume ratio=0.93"
2026-08-03,,,0.06456151603892125,0.026166129015688766,-0.13660162758186167,0.8841566088617353,theme,Nuclear,group_summary,"theme=Nuclear: avg daily return=6.46%, avg weekly return=2.62%, avg volume ratio=0.88"
2026-08-03,,,0.08093217934349173,0.043319008401082694,-0.1430952338816135,1.167670676444786,theme,Quantum,group_summary,"theme=Quantum: avg daily return=8.09%, avg weekly return=4.33%, avg volume ratio=1.17"
2026-08-03,,,0.03192554808012449,0.07853899559664103,0.07501614014095896,1.0544672453637418,theme,Software,group_summary,"theme=Software: avg daily return=3.19%, avg weekly return=7.85%, avg volume ratio=1.05"
2026-08-03,,,0.0847995546542147,0.05848545279081655,-0.2307755509621494,0.9467185127437592,theme,Space Economy,group_summary,"theme=Space Economy: avg daily return=8.48%, avg weekly return=5.85%, avg volume ratio=0.95"
2026-08-03,,,0.044965589447196405,0.0396601659546792,0.05337555977905015,0.7390314493809238,subtheme,AI Servers,group_summary,"subtheme=AI Servers: avg daily return=4.50%, avg weekly return=3.97%, avg volume ratio=0.74"
2026-08-03,,,0.0240699458523776,0.0086206816818992,-0.2245236210991006,0.594439068429905,subtheme,AI-RAN,group_summary,"subtheme=AI-RAN: avg daily return=2.41%, avg weekly return=0.86%, avg volume ratio=0.59"
2026-08-03,,,0.0259156603278647,-0.0159184143370576,-0.2293856381749855,0.7426048463348568,subtheme,AdTech & AI Applications,group_summary,"subtheme=AdTech & AI Applications: avg daily return=2.59%, avg weekly return=-1.59%, avg volume ratio=0.74"
2026-08-03,,,0.0210098326572591,0.0863178172019369,0.0508527481059548,1.190607953575614,subtheme,Cloud Software,group_summary,"subtheme=Cloud Software: avg daily return=2.10%, avg weekly return=8.63%, avg volume ratio=1.19"
2026-08-03,,,0.0164281234585133,0.0941854077811239,-0.0075946292472954,0.8188410899877694,subtheme,Connectivity,group_summary,"subtheme=Connectivity: avg daily return=1.64%, avg weekly return=9.42%, avg volume ratio=0.82"
2026-08-03,,,0.0611966501018013,0.1245349652977132,0.044128249031498,1.2166695260992526,subtheme,Cybersecurity,group_summary,"subtheme=Cybersecurity: avg daily return=6.12%, avg weekly return=12.45%, avg volume ratio=1.22"
2026-08-03,,,0.0246325228995609,-0.0364937585703406,-0.127406392146807,1.5035101827229445,subtheme,Data Center Construction,group_summary,"subtheme=Data Center Construction: avg daily return=2.46%, avg weekly return=-3.65%, avg volume ratio=1.50"
2026-08-03,,,0.0119299032256749,-0.0146639699303954,0.0293606128635661,0.9638275187269733,subtheme,Data Centers,group_summary,"subtheme=Data Centers: avg daily return=1.19%, avg weekly return=-1.47%, avg volume ratio=0.96"
2026-08-03,,,0.0485883799076376,0.1268136583934573,0.1821257197556012,1.4643015840495135,subtheme,Data Cloud,group_summary,"subtheme=Data Cloud: avg daily return=4.86%, avg weekly return=12.68%, avg volume ratio=1.46"
2026-08-03,,,0.0266792031986131,0.0817773663636423,0.2369990889133899,0.8564266233943578,subtheme,Developer Tools,group_summary,"subtheme=Developer Tools: avg daily return=2.67%, avg weekly return=8.18%, avg volume ratio=0.86"
2026-08-03,,,0.0134775937342375,0.0644930756655821,0.1663709663916379,0.9983265809193173,subtheme,Edge Cloud & Security,group_summary,"subtheme=Edge Cloud & Security: avg daily return=1.35%, avg weekly return=6.45%, avg volume ratio=1.00"
2026-08-03,,,0.0417126220935417,0.013740709092882,0.1440334021110894,0.8590588966077431,subtheme,Energy,group_summary,"subtheme=Energy: avg daily return=4.17%, avg weekly return=1.37%, avg volume ratio=0.86"
2026-08-03,,,0.045226137877889,0.0777202200552269,-0.1435293870813706,0.9005537275159321,subtheme,Energy Storage,group_summary,"subtheme=Energy Storage: avg daily return=4.52%, avg weekly return=7.77%, avg volume ratio=0.90"
2026-08-03,,,0.00395832597826665,-0.053880358594973754,-0.14731077586191046,0.7670951590890944,subtheme,Equipment,group_summary,"subtheme=Equipment: avg daily return=0.40%, avg weekly return=-5.39%, avg volume ratio=0.77"
2026-08-03,,,0.0046010769364563,0.0175899899222939,-0.0646075595954185,0.7558395637377933,subtheme,Foundry,group_summary,"subtheme=Foundry: avg daily return=0.46%, avg weekly return=1.76%, avg volume ratio=0.76"
2026-08-03,,,0.0293399720530431,0.051549565752291,0.0606169350079599,0.9877373406944784,subtheme,GPU,group_summary,"subtheme=GPU: avg daily return=2.93%, avg weekly return=5.15%, avg volume ratio=0.99"
2026-08-03,,,0.034058283393957146,-0.03543561250186565,-0.20573113175944036,0.8859020454316668,subtheme,Memory,group_summary,"subtheme=Memory: avg daily return=3.41%, avg weekly return=-3.54%, avg volume ratio=0.89"
2026-08-03,,,0.0129627630561295,-0.0436631317612761,-0.1834041748166466,0.625303071489062,subtheme,Memory Interface,group_summary,"subtheme=Memory Interface: avg daily return=1.30%, avg weekly return=-4.37%, avg volume ratio=0.63"
2026-08-03,,,0.12094263085846105,0.15533743439599865,0.0184390371754269,1.2456010491118394,subtheme,NeoCloud,group_summary,"subtheme=NeoCloud: avg daily return=12.09%, avg weekly return=15.53%, avg volume ratio=1.25"
2026-08-03,,,0.021962468138076396,0.043534077593515595,0.011326808646045933,0.8963282994399376,subtheme,Networking,group_summary,"subtheme=Networking: avg daily return=2.20%, avg weekly return=4.35%, avg volume ratio=0.90"
2026-08-03,,,0.0620629426739178,0.0375746865029837,-0.1202028059845996,0.7607714651644469,subtheme,Nuclear Fuel,group_summary,"subtheme=Nuclear Fuel: avg daily return=6.21%, avg weekly return=3.76%, avg volume ratio=0.76"
2026-08-03,,,0.068070563709942,0.05302700524650146,-0.09842213192214404,0.8549556774541083,subtheme,Optical,group_summary,"subtheme=Optical: avg daily return=6.81%, avg weekly return=5.30%, avg volume ratio=0.85"
2026-08-03,,,0.05998347683066213,0.10368268295774813,0.0722689556699523,0.7865755668221427,subtheme,Optical Test & Metrology,group_summary,"subtheme=Optical Test & Metrology: avg daily return=6.00%, avg weekly return=10.37%, avg volume ratio=0.79"
2026-08-03,,,0.05545031834069938,0.046085483040761877,-0.07866910740005152,1.1106613269623995,subtheme,Power,group_summary,"subtheme=Power: avg daily return=5.55%, avg weekly return=4.61%, avg volume ratio=1.11"
2026-08-03,,,0.08093217934349173,0.043319008401082694,-0.1430952338816135,1.167670676444786,subtheme,Quantum Hardware,group_summary,"subtheme=Quantum Hardware: avg daily return=8.09%, avg weekly return=4.33%, avg volume ratio=1.17"
2026-08-03,,,0.065810802721423,0.0204618502720413,-0.14480103838049269,0.9458491807103796,subtheme,SMR,group_summary,"subtheme=SMR: avg daily return=6.58%, avg weekly return=2.05%, avg volume ratio=0.95"
2026-08-03,,,0.0512695882753191,0.0252381279355002,-0.3138941598964804,0.7829438236586406,subtheme,Satellite Data,group_summary,"subtheme=Satellite Data: avg daily return=5.13%, avg weekly return=2.52%, avg volume ratio=0.78"
2026-08-03,,,0.1183295210331103,0.0917327776461329,-0.1476569420278184,1.1104932018288778,subtheme,Space Infrastructure,group_summary,"subtheme=Space Infrastructure: avg daily return=11.83%, avg weekly return=9.17%, avg volume ratio=1.11"
2026-08-03,,,-0.0292829443907299,0.0172217621909693,0.0132901199412003,0.9544707683833192,subtheme,Storage,group_summary,"subtheme=Storage: avg daily return=-2.93%, avg weekly return=1.72%, avg volume ratio=0.95"
2026-08-03,,,0.0266115166334581,0.081754500591213,0.0740218469636164,0.9123336031732802,subtheme,Workflow Automation,group_summary,"subtheme=Workflow Automation: avg daily return=2.66%, avg weekly return=8.18%, avg volume ratio=0.91"
