alert_date,ticker,company,earnings_date,sent_at
2026-06-09,ORCL,Oracle,2026-06-10,2026-06-09 19:01:23 EDT
2026-06-23,MU,Micron,2026-06-24,2026-06-23 18:48:55 EDT
2026-07-13,AEHR,Aehr Test Systems,2026-07-14,2026-07-13 18:30:16 EDT
2026-07-14,ASML,ASML,2026-07-15,2026-07-14 18:32:23 EDT
2026-07-15,TSM,TSMC,2026-07-16,2026-07-15 18:32:41 EDT
2026-07-21,GEV,GE Vernova,2026-07-22,2026-07-21 18:29:13 EDT
2026-07-21,NOW,ServiceNow,2026-07-22,2026-07-21 18:29:19 EDT
2026-07-22,NOK,Nokia,2026-07-23,2026-07-22 18:35:29 EDT
2026-07-27,GLW,Corning,2026-07-28,2026-07-27 18:34:50 EDT
2026-07-27,STX,Seagate Technology,2026-07-28,2026-07-27 18:34:50 EDT
2026-07-27,BE,Bloom Energy,2026-07-28,2026-07-27 18:34:51 EDT
2026-07-27,KLAC,KLA,2026-07-28,2026-07-27 18:34:51 EDT
2026-07-28,VRT,Vertiv,2026-07-29,2026-07-28 18:35:40 EDT
2026-07-28,FORM,FormFactor,2026-07-29,2026-07-28 18:35:41 EDT
2026-07-28,APH,Amphenol,2026-07-29,2026-07-28 18:35:42 EDT
2026-07-28,EQIX,Equinix,2026-07-29,2026-07-28 18:35:42 EDT
2026-07-30,ETN,Eaton,2026-07-31,2026-07-30 18:38:46 EDT
2026-08-03,ANET,Arista,2026-08-04,2026-08-03 18:35:21 EDT
2026-08-04,RDW,Redwire,2026-08-05,2026-08-04 18:38:57 EDT
2026-08-04,UUUU,Energy Fuels,2026-08-05,2026-08-04 18:38:57 EDT
2026-08-04,SMR,NuScale Power,2026-08-05,2026-08-04 18:38:57 EDT
2026-08-04,IONQ,IonQ,2026-08-05,2026-08-04 18:38:57 EDT
2026-08-04,SNDK,Sandisk,2026-08-05,2026-08-04 18:38:57 EDT
2026-08-04,APP,AppLovin,2026-08-05,2026-08-04 18:38:57 EDT
2026-08-04,FLNC,Fluence Energy,2026-08-05,2026-08-04 18:38:58 EDT
2026-08-05,CEG,Constellation Energy,2026-08-06,2026-08-05 18:37:11 EDT
2026-08-05,TEAM,Atlassian,2026-08-06,2026-08-05 18:37:12 EDT
2026-08-05,DDOG,Datadog,2026-08-06,2026-08-05 18:37:12 EDT
2026-08-05,RGTI,Rigetti Computing,2026-08-06,2026-08-05 18:37:12 EDT
2026-08-05,QBTS,D-Wave Quantum,2026-08-06,2026-08-05 18:37:13 EDT
2026-08-05,NET,Cloudflare,2026-08-06,2026-08-05 18:37:14 EDT
2026-08-06,OKLO,Oklo,2026-08-07,2026-08-06 21:05:26 EDT
2026-08-10,CRWV,CoreWeave,2026-08-11,2026-08-10 18:10:06 EDT
2026-08-10,LITE,Lumentum,2026-08-11,2026-08-10 18:10:08 EDT
2026-08-11,NBIS,Nebius,2026-08-12,2026-08-11 18:21:19 EDT
2026-08-11,COHR,Coherent,2026-08-12,2026-08-11 18:21:20 EDT
2026-08-17,KEYS,Keysight Technologies,2026-08-18,2026-08-17 17:53:13 EDT
