date,ticker,company,earnings_dates,updated_at
2026-07-28,NVDA,NVIDIA,2026-08-26,2026-07-28 18:35:39 EDT
2026-07-28,AVGO,Broadcom,2026-09-03,2026-07-28 18:35:39 EDT
2026-07-28,ANET,Arista,2026-08-04,2026-07-28 18:35:39 EDT
2026-07-28,CRDO,Credo,2026-09-02,2026-07-28 18:35:39 EDT
2026-07-28,TSM,TSMC,2026-10-15,2026-07-28 18:35:39 EDT
2026-07-28,ASML,ASML,2026-10-14,2026-07-28 18:35:40 EDT
2026-07-28,VRT,Vertiv,2026-07-29,2026-07-28 18:35:40 EDT
2026-07-28,ETN,Eaton,2026-07-31,2026-07-28 18:35:40 EDT
2026-07-28,GEV,GE Vernova,2026-10-28,2026-07-28 18:35:40 EDT
2026-07-28,CEG,Constellation Energy,2026-08-06,2026-07-28 18:35:40 EDT
2026-07-28,NBIS,Nebius,2026-08-06,2026-07-28 18:35:40 EDT
2026-07-28,CRWV,CoreWeave,2026-08-11,2026-07-28 18:35:40 EDT
2026-07-28,MRVL,Marvell,2026-08-27,2026-07-28 18:35:40 EDT
2026-07-28,COHR,Coherent,2026-08-12,2026-07-28 18:35:40 EDT
2026-07-28,NOK,Nokia,2026-10-22,2026-07-28 18:35:40 EDT
2026-07-28,TEAM,Atlassian,2026-08-06,2026-07-28 18:35:40 EDT
2026-07-28,DDOG,Datadog,2026-08-06,2026-07-28 18:35:40 EDT
2026-07-28,RDW,Redwire,2026-08-05,2026-07-28 18:35:40 EDT
2026-07-28,PL,Planet Labs,2026-09-09,2026-07-28 18:35:40 EDT
2026-07-28,UUUU,Energy Fuels,2026-08-05,2026-07-28 18:35:41 EDT
2026-07-28,SMR,NuScale Power,2026-08-05,2026-07-28 18:35:41 EDT
2026-07-28,OKLO,Oklo,2026-08-07,2026-07-28 18:35:41 EDT
2026-07-28,RGTI,Rigetti Computing,2026-08-06,2026-07-28 18:35:41 EDT
2026-07-28,QBTS,D-Wave Quantum,2026-08-06,2026-07-28 18:35:41 EDT
2026-07-28,IONQ,IonQ,2026-08-05,2026-07-28 18:35:41 EDT
2026-07-28,MU,Micron,2026-09-23,2026-07-28 18:35:41 EDT
2026-07-28,SNDK,Sandisk,2026-08-05,2026-07-28 18:35:41 EDT
2026-07-28,ORCL,Oracle,2026-09-09,2026-07-28 18:35:41 EDT
2026-07-28,KEYS,Keysight Technologies,2026-08-18,2026-07-28 18:35:41 EDT
2026-07-28,FORM,FormFactor,2026-07-29,2026-07-28 18:35:41 EDT
2026-07-28,AEHR,Aehr Test Systems,2026-10-08,2026-07-28 18:35:41 EDT
2026-07-28,DELL,Dell Technologies,2026-09-03,2026-07-28 18:35:41 EDT
2026-07-28,CLS,Celestica,2026-10-26,2026-07-28 18:35:41 EDT
2026-07-28,IREN,IREN Limited,2026-08-27,2026-07-28 18:35:41 EDT
2026-07-28,APH,Amphenol,2026-07-29,2026-07-28 18:35:42 EDT
2026-07-28,GLW,Corning,2026-07-28,2026-07-28 18:35:42 EDT
2026-07-28,CIEN,Ciena,2026-09-09,2026-07-28 18:35:42 EDT
2026-07-28,STX,Seagate Technology,2026-07-28,2026-07-28 18:35:42 EDT
2026-07-28,STRL,Sterling Infrastructure,2026-08-03,2026-07-28 18:35:42 EDT
2026-07-28,EQIX,Equinix,2026-07-29,2026-07-28 18:35:42 EDT
2026-07-28,NET,Cloudflare,2026-08-06,2026-07-28 18:35:42 EDT
2026-07-28,NOW,ServiceNow,2026-10-28,2026-07-28 18:35:42 EDT
2026-07-28,SNOW,Snowflake,2026-08-26,2026-07-28 18:35:42 EDT
2026-07-28,APP,AppLovin,2026-08-05,2026-07-28 18:35:42 EDT
2026-07-28,CRWD,CrowdStrike,2026-09-01,2026-07-28 18:35:42 EDT
2026-07-28,FLNC,Fluence Energy,2026-08-05,2026-07-28 18:35:42 EDT
2026-07-28,BE,Bloom Energy,2026-07-28,2026-07-28 18:35:42 EDT
2026-07-28,KLAC,KLA,2026-07-28,2026-07-28 18:35:42 EDT
2026-07-28,RMBS,Rambus,2026-10-26,2026-07-28 18:35:43 EDT
2026-07-28,LITE,Lumentum,2026-08-11,2026-07-28 18:35:43 EDT
