date,ticker,company,earnings_dates,updated_at
2026-06-15,NVDA,NVIDIA,2026-08-26,2026-06-15 19:19:35 EDT
2026-06-15,AVGO,Broadcom,2026-09-03,2026-06-15 19:19:35 EDT
2026-06-15,ANET,Arista,2026-08-04,2026-06-15 19:19:35 EDT
2026-06-15,CRDO,Credo,,2026-06-15 19:19:35 EDT
2026-06-15,TSM,TSMC,2026-07-16,2026-06-15 19:19:35 EDT
2026-06-15,ASML,ASML,2026-07-15,2026-06-15 19:19:35 EDT
2026-06-15,VRT,Vertiv,2026-07-29,2026-06-15 19:19:35 EDT
2026-06-15,ETN,Eaton,2026-08-04,2026-06-15 19:19:36 EDT
2026-06-15,GEV,GE Vernova,2026-07-22,2026-06-15 19:19:36 EDT
2026-06-15,CEG,Constellation Energy,2026-08-10,2026-06-15 19:19:36 EDT
2026-06-15,NBIS,Nebius,2026-08-06,2026-06-15 19:19:36 EDT
2026-06-15,CRWV,CoreWeave,,2026-06-15 19:19:36 EDT
2026-06-15,MRVL,Marvell,2026-08-27,2026-06-15 19:19:36 EDT
2026-06-15,COHR,Coherent,,2026-06-15 19:19:36 EDT
2026-06-15,NOK,Nokia,2026-07-23,2026-06-15 19:19:36 EDT
2026-06-15,TEAM,Atlassian,,2026-06-15 19:19:36 EDT
2026-06-15,DDOG,Datadog,2026-08-06,2026-06-15 19:19:36 EDT
2026-06-15,RDW,Redwire,2026-08-05,2026-06-15 19:19:36 EDT
2026-06-15,PL,Planet Labs,,2026-06-15 19:19:36 EDT
2026-06-15,UUUU,Energy Fuels,2026-08-06,2026-06-15 19:19:36 EDT
2026-06-15,SMR,NuScale Power,2026-08-06,2026-06-15 19:19:36 EDT
2026-06-15,OKLO,Oklo,2026-08-10,2026-06-15 19:19:36 EDT
2026-06-15,RGTI,Rigetti Computing,,2026-06-15 19:19:36 EDT
2026-06-15,QBTS,D-Wave Quantum,2026-08-06,2026-06-15 19:19:36 EDT
2026-06-15,IONQ,IonQ,2026-08-05,2026-06-15 19:19:36 EDT
2026-06-15,MU,Micron,2026-06-24,2026-06-15 19:19:37 EDT
2026-06-15,SNDK,Sandisk,2026-08-24,2026-06-15 19:19:37 EDT
2026-06-15,ORCL,Oracle,2026-09-09,2026-06-15 19:19:37 EDT
2026-06-15,KEYS,Keysight Technologies,2026-08-18,2026-06-15 19:19:37 EDT
2026-06-15,FORM,FormFactor,2026-07-29,2026-06-15 19:19:37 EDT
2026-06-15,AEHR,Aehr Test Systems,,2026-06-15 19:19:37 EDT
