sent_at,accession_number,ticker,company,form,filing_date,filing_index_url
2026-06-09 23:01:34,0001730168-26-000054,AVGO,Broadcom,10-Q,2026-06-09,https://www.sec.gov/Archives/edgar/data/1730168/000173016826000054/0001730168-26-000054-index.html
2026-06-09 23:01:34,0001104659-26-071683,NOK,Nokia,6-K,2026-06-09,https://www.sec.gov/Archives/edgar/data/924613/000110465926071683/0001104659-26-071683-index.html
2026-06-09 23:01:34,0001819810-26-000078,RDW,Redwire,8-K,2026-06-09,https://www.sec.gov/Archives/edgar/data/1819810/000181981026000078/0001819810-26-000078-index.html
2026-06-09 23:01:34,0001104659-26-071845,MU,Micron,8-K,2026-06-09,https://www.sec.gov/Archives/edgar/data/723125/000110465926071845/0001104659-26-071845-index.html
2026-06-10 23:10:14,0001046179-26-000367,TSM,TSMC,6-K,2026-06-10,https://www.sec.gov/Archives/edgar/data/1046179/000104617926000367/0001046179-26-000367-index.html
2026-06-10 23:10:14,0001769628-26-000270,CRWV,CoreWeave,8-K,2026-06-10,https://www.sec.gov/Archives/edgar/data/1769628/000176962826000270/0001769628-26-000270-index.html
2026-06-10 23:10:14,0001193125-26-265848,ORCL,Oracle,8-K,2026-06-10,https://www.sec.gov/Archives/edgar/data/1341439/000119312526265848/0001193125-26-265848-index.html
2026-06-11 23:08:12,0001193125-26-266777,AVGO,Broadcom,8-K,2026-06-11,https://www.sec.gov/Archives/edgar/data/1730168/000119312526266777/0001193125-26-266777-index.html
2026-06-11 23:08:12,0000950142-26-001733,ETN,Eaton,8-K,2026-06-11,https://www.sec.gov/Archives/edgar/data/1551182/000095014226001733/0000950142-26-001733-index.html
2026-06-11 23:08:12,0001769628-26-000278,CRWV,CoreWeave,8-K,2026-06-11,https://www.sec.gov/Archives/edgar/data/1769628/000176962826000278/0001769628-26-000278-index.html
2026-06-11 23:08:12,0001193125-26-267688,MRVL,Marvell,8-K,2026-06-11,https://www.sec.gov/Archives/edgar/data/1835632/000119312526267688/0001193125-26-267688-index.html
2026-06-11 23:08:12,0001104659-26-072623,RGTI,Rigetti Computing,8-K,2026-06-11,https://www.sec.gov/Archives/edgar/data/1838359/000110465926072623/0001104659-26-072623-index.html
2026-06-12 17:29:36,0001628280-26-042641,VRT,Vertiv,8-K,2026-06-12,https://www.sec.gov/Archives/edgar/data/1674101/000162828026042641/0001628280-26-042641-index.html
2026-06-12 17:29:36,0001601046-26-000024,KEYS,Keysight Technologies,10-Q,2026-06-04,https://www.sec.gov/Archives/edgar/data/1601046/000160104626000024/0001601046-26-000024-index.html
2026-06-12 17:29:36,0001601046-26-000019,KEYS,Keysight Technologies,8-K,2026-05-19,https://www.sec.gov/Archives/edgar/data/1601046/000160104626000019/0001601046-26-000019-index.html
2026-06-12 17:29:36,0001039399-26-000025,FORM,FormFactor,8-K,2026-05-19,https://www.sec.gov/Archives/edgar/data/1039399/000103939926000025/0001039399-26-000025-index.html
2026-06-15 23:19:47,0001628280-26-043303,CRDO,Credo,10-K,2026-06-15,https://www.sec.gov/Archives/edgar/data/1807794/000162828026043303/0001628280-26-043303-index.html
2026-06-16 23:06:43,0001104659-26-074352,NBIS,Nebius,6-K,2026-06-16,https://www.sec.gov/Archives/edgar/data/1513845/000110465926074352/0001104659-26-074352-index.html
2026-06-16 23:06:43,0001628280-26-043590,DDOG,Datadog,8-K,2026-06-16,https://www.sec.gov/Archives/edgar/data/1561550/000162828026043590/0001628280-26-043590-index.html
2026-06-17 23:01:58,0001849056-26-000037,OKLO,Oklo,10-Q/A,2026-06-17,https://www.sec.gov/Archives/edgar/data/1849056/000184905626000037/0001849056-26-000037-index.html
2026-06-18 23:20:17,0001193125-26-275783,NVDA,NVIDIA,8-K,2026-06-18,https://www.sec.gov/Archives/edgar/data/1045810/000119312526275783/0001193125-26-275783-index.html
2026-06-18 23:20:17,0001193125-26-275077,AVGO,Broadcom,8-K,2026-06-18,https://www.sec.gov/Archives/edgar/data/1730168/000119312526275077/0001193125-26-275077-index.html
2026-06-18 23:20:17,0001628280-26-044317,VRT,Vertiv,8-K,2026-06-18,https://www.sec.gov/Archives/edgar/data/1674101/000162828026044317/0001628280-26-044317-index.html
2026-06-18 23:20:17,0001769628-26-000291,CRWV,CoreWeave,8-K,2026-06-18,https://www.sec.gov/Archives/edgar/data/1769628/000176962826000291/0001769628-26-000291-index.html
2026-06-18 23:20:17,0001819810-26-000081,RDW,Redwire,8-K,2026-06-18,https://www.sec.gov/Archives/edgar/data/1819810/000181981026000081/0001819810-26-000081-index.html
2026-06-18 23:20:17,0001907982-26-000090,QBTS,D-Wave Quantum,8-K,2026-06-18,https://www.sec.gov/Archives/edgar/data/1907982/000190798226000090/0001907982-26-000090-index.html
2026-06-22 23:04:17,0001193125-26-276342,IONQ,IonQ,8-K,2026-06-22,https://www.sec.gov/Archives/edgar/data/1824920/000119312526276342/0001193125-26-276342-index.html
2026-06-22 23:04:17,0001193125-26-277521,ORCL,Oracle,10-K,2026-06-22,https://www.sec.gov/Archives/edgar/data/1341439/000119312526277521/0001193125-26-277521-index.html
2026-06-23 22:49:09,0001062993-26-003317,UUUU,Energy Fuels,8-K,2026-06-23,https://www.sec.gov/Archives/edgar/data/1385849/000106299326003317/0001062993-26-003317-index.html
2026-06-24 22:49:23,0000723125-26-000013,MU,Micron,8-K,2026-06-24,https://www.sec.gov/Archives/edgar/data/723125/000072312526000013/0000723125-26-000013-index.html
2026-06-25 22:57:56,0001046179-26-000377,TSM,TSMC,6-K,2026-06-25,https://www.sec.gov/Archives/edgar/data/1046179/000104617926000377/0001046179-26-000377-index.html
2026-06-25 22:57:56,0001628280-26-045564,MRVL,Marvell,8-K,2026-06-25,https://www.sec.gov/Archives/edgar/data/1835632/000162828026045564/0001628280-26-045564-index.html
2026-06-25 22:57:56,0000723125-26-000015,MU,Micron,10-Q,2026-06-25,https://www.sec.gov/Archives/edgar/data/723125/000072312526000015/0000723125-26-000015-index.html
2026-06-26 22:47:23,0001062993-26-003385,UUUU,Energy Fuels,8-K,2026-06-26,https://www.sec.gov/Archives/edgar/data/1385849/000106299326003385/0001062993-26-003385-index.html
2026-06-29 22:38:20,0001571996-26-000032,DELL,Dell Technologies,8-K,2026-06-17,https://www.sec.gov/Archives/edgar/data/1571996/000157199626000032/0001571996-26-000032-index.html
2026-06-29 22:38:20,0001193125-26-272720,DELL,Dell Technologies,8-K,2026-06-16,https://www.sec.gov/Archives/edgar/data/1571996/000119312526272720/0001193125-26-272720-index.html
2026-06-29 22:38:20,0001193125-26-269594,DELL,Dell Technologies,8-K,2026-06-12,https://www.sec.gov/Archives/edgar/data/1571996/000119312526269594/0001193125-26-269594-index.html
2026-06-29 22:38:20,0001193125-26-265877,DELL,Dell Technologies,8-K,2026-06-10,https://www.sec.gov/Archives/edgar/data/1571996/000119312526265877/0001193125-26-265877-index.html
2026-06-29 22:38:20,0001571996-26-000030,DELL,Dell Technologies,10-Q,2026-06-09,https://www.sec.gov/Archives/edgar/data/1571996/000157199626000030/0001571996-26-000030-index.html
2026-06-29 22:38:20,0001140361-26-023427,IREN,IREN Limited,8-K,2026-06-01,https://www.sec.gov/Archives/edgar/data/1878848/000114036126023427/0001140361-26-023427-index.html
2026-06-29 22:38:20,0001193125-26-267607,CIEN,Ciena,8-K,2026-06-11,https://www.sec.gov/Archives/edgar/data/936395/000119312526267607/0001193125-26-267607-index.html
2026-06-29 22:38:20,0001193125-26-260665,CIEN,Ciena,8-K,2026-06-08,https://www.sec.gov/Archives/edgar/data/936395/000119312526260665/0001193125-26-260665-index.html
2026-06-29 22:38:20,0001628280-26-040767,CIEN,Ciena,10-Q,2026-06-04,https://www.sec.gov/Archives/edgar/data/936395/000162828026040767/0001628280-26-040767-index.html
2026-06-29 22:38:20,0001628280-26-040614,CIEN,Ciena,8-K,2026-06-04,https://www.sec.gov/Archives/edgar/data/936395/000162828026040614/0001628280-26-040614-index.html
2026-06-29 22:38:20,0001193125-26-268170,STX,Seagate Technology,8-K,2026-06-12,https://www.sec.gov/Archives/edgar/data/1137789/000119312526268170/0001193125-26-268170-index.html
2026-06-29 22:38:20,0000874238-26-000087,STRL,Sterling Infrastructure,8-K,2026-06-09,https://www.sec.gov/Archives/edgar/data/874238/000087423826000087/0000874238-26-000087-index.html
2026-06-29 22:38:20,0001751008-26-000050,APP,AppLovin,8-K,2026-06-05,https://www.sec.gov/Archives/edgar/data/1751008/000175100826000050/0001751008-26-000050-index.html
2026-06-29 22:38:20,0001104659-26-076376,CRWD,CrowdStrike,8-K,2026-06-22,https://www.sec.gov/Archives/edgar/data/1535527/000110465926076376/0001104659-26-076376-index.html
2026-06-29 22:38:20,0001535527-26-000025,CRWD,CrowdStrike,10-Q,2026-06-04,https://www.sec.gov/Archives/edgar/data/1535527/000153552726000025/0001535527-26-000025-index.html
2026-06-29 22:38:20,0001535527-26-000022,CRWD,CrowdStrike,8-K,2026-06-03,https://www.sec.gov/Archives/edgar/data/1535527/000153552726000022/0001535527-26-000022-index.html
2026-06-29 22:38:20,0001868941-26-000021,FLNC,Fluence Energy,8-K,2026-06-05,https://www.sec.gov/Archives/edgar/data/1868941/000186894126000021/0001868941-26-000021-index.html
2026-06-29 22:38:20,0001193125-26-277682,BE,Bloom Energy,8-K/A,2026-06-22,https://www.sec.gov/Archives/edgar/data/1664703/000119312526277682/0001193125-26-277682-index.html
2026-06-29 22:38:20,0001193125-26-274388,BE,Bloom Energy,8-K,2026-06-17,https://www.sec.gov/Archives/edgar/data/1664703/000119312526274388/0001193125-26-274388-index.html
2026-06-29 22:38:20,0001193125-26-269375,KLAC,KLA,8-K,2026-06-12,https://www.sec.gov/Archives/edgar/data/319201/000119312526269375/0001193125-26-269375-index.html
2026-06-29 22:38:20,0001193125-26-249535,LITE,Lumentum,8-K,2026-06-01,https://www.sec.gov/Archives/edgar/data/1633978/000119312526249535/0001193125-26-249535-index.html
2026-06-30 22:52:52,0001045810-26-000056,NVDA,NVIDIA,8-K,2026-06-30,https://www.sec.gov/Archives/edgar/data/1045810/000104581026000056/0001045810-26-000056-index.html
2026-06-30 22:52:52,0001104659-26-079418,NOK,Nokia,6-K,2026-06-30,https://www.sec.gov/Archives/edgar/data/924613/000110465926079418/0001104659-26-079418-index.html
2026-06-30 22:52:52,0001907982-26-000093,QBTS,D-Wave Quantum,8-K,2026-06-30,https://www.sec.gov/Archives/edgar/data/1907982/000190798226000093/0001907982-26-000093-index.html
2026-06-30 22:52:52,0001477333-26-000042,NET,Cloudflare,8-K,2026-06-30,https://www.sec.gov/Archives/edgar/data/1477333/000147733326000042/0001477333-26-000042-index.html
2026-06-30 22:52:52,0001640147-26-000032,SNOW,Snowflake,8-K,2026-06-30,https://www.sec.gov/Archives/edgar/data/1640147/000164014726000032/0001640147-26-000032-index.html
2026-07-01 22:50:13,0001819810-26-000084,RDW,Redwire,8-K,2026-07-01,https://www.sec.gov/Archives/edgar/data/1819810/000181981026000084/0001819810-26-000084-index.html
2026-07-01 22:50:13,0001571996-26-000036,DELL,Dell Technologies,8-K,2026-07-01,https://www.sec.gov/Archives/edgar/data/1571996/000157199626000036/0001571996-26-000036-index.html
2026-07-01 22:50:13,0001140361-26-027202,IREN,IREN Limited,8-K,2026-07-01,https://www.sec.gov/Archives/edgar/data/1878848/000114036126027202/0001140361-26-027202-index.html
2026-07-01 22:50:13,0001477333-26-000044,NET,Cloudflare,8-K/A,2026-07-01,https://www.sec.gov/Archives/edgar/data/1477333/000147733326000044/0001477333-26-000044-index.html
2026-07-02 22:39:51,0001045810-26-000060,NVDA,NVIDIA,8-K,2026-07-02,https://www.sec.gov/Archives/edgar/data/1045810/000104581026000060/0001045810-26-000060-index.html
2026-07-02 22:39:51,0001046179-26-000381,TSM,TSMC,6-K,2026-07-02,https://www.sec.gov/Archives/edgar/data/1046179/000104617926000381/0001046179-26-000381-index.html
2026-07-06 22:46:23,0001193125-26-295589,AVGO,Broadcom,8-K,2026-07-06,https://www.sec.gov/Archives/edgar/data/1730168/000119312526295589/0001193125-26-295589-index.html
2026-07-06 22:46:23,0001193125-26-296224,DELL,Dell Technologies,8-K,2026-07-06,https://www.sec.gov/Archives/edgar/data/1571996/000119312526296224/0001193125-26-296224-index.html
2026-07-06 22:46:23,0001030894-26-000038,CLS,Celestica,8-K,2026-07-06,https://www.sec.gov/Archives/edgar/data/1030894/000103089426000038/0001030894-26-000038-index.html
2026-07-07 22:40:29,0001907982-26-000097,QBTS,D-Wave Quantum,8-K,2026-07-07,https://www.sec.gov/Archives/edgar/data/1907982/000190798226000097/0001907982-26-000097-index.html
2026-07-08 22:35:20,0000874238-26-000093,STRL,Sterling Infrastructure,8-K,2026-07-08,https://www.sec.gov/Archives/edgar/data/874238/000087423826000093/0000874238-26-000093-index.html
2026-07-09 22:51:43,0001193125-26-299843,MRVL,Marvell,8-K,2026-07-09,https://www.sec.gov/Archives/edgar/data/1835632/000119312526299843/0001193125-26-299843-index.html
2026-07-09 22:51:43,0001104659-26-082180,NOK,Nokia,6-K,2026-07-09,https://www.sec.gov/Archives/edgar/data/924613/000110465926082180/0001104659-26-082180-index.html
2026-07-09 22:51:43,0001628280-26-047734,BE,Bloom Energy,8-K,2026-07-09,https://www.sec.gov/Archives/edgar/data/1664703/000162828026047734/0001628280-26-047734-index.html
2026-07-10 22:34:21,0001104659-26-082674,NOK,Nokia,6-K,2026-07-10,https://www.sec.gov/Archives/edgar/data/924613/000110465926082674/0001104659-26-082674-index.html
2026-07-10 22:34:21,0001193125-26-300286,PL,Planet Labs,8-K,2026-07-10,https://www.sec.gov/Archives/edgar/data/1836833/000119312526300286/0001193125-26-300286-index.html
2026-07-10 22:34:21,0000874238-26-000095,STRL,Sterling Infrastructure,8-K,2026-07-10,https://www.sec.gov/Archives/edgar/data/874238/000087423826000095/0000874238-26-000095-index.html
2026-07-13 22:30:39,0001046179-26-000447,TSM,TSMC,6-K,2026-07-13,https://www.sec.gov/Archives/edgar/data/1046179/000104617926000447/0001046179-26-000447-index.html
2026-07-14 22:32:45,0001868275-26-000080,CEG,Constellation Energy,8-K,2026-07-14,https://www.sec.gov/Archives/edgar/data/1868275/000186827526000080/0001868275-26-000080-index.html
2026-07-14 22:32:45,0001819810-26-000104,RDW,Redwire,8-K,2026-07-14,https://www.sec.gov/Archives/edgar/data/1819810/000181981026000104/0001819810-26-000104-index.html
2026-07-14 22:32:45,0001062993-26-003630,UUUU,Energy Fuels,8-K,2026-07-14,https://www.sec.gov/Archives/edgar/data/1385849/000106299326003630/0001062993-26-003630-index.html
2026-07-14 22:32:45,0001907982-26-000099,QBTS,D-Wave Quantum,8-K,2026-07-14,https://www.sec.gov/Archives/edgar/data/1907982/000190798226000099/0001907982-26-000099-index.html
2026-07-14 22:32:45,0001654954-26-006655,AEHR,Aehr Test Systems,8-K,2026-07-14,https://www.sec.gov/Archives/edgar/data/1040470/000165495426006655/0001654954-26-006655-index.html
2026-07-14 22:32:45,0001101239-26-000131,EQIX,Equinix,8-K,2026-07-14,https://www.sec.gov/Archives/edgar/data/1101239/000110123926000131/0001101239-26-000131-index.html
2026-07-15 22:33:02,0001628280-26-048235,ASML,ASML,6-K,2026-07-15,https://www.sec.gov/Archives/edgar/data/937966/000162828026048235/0001628280-26-048235-index.html
2026-07-16 22:31:15,0001046179-26-000451,TSM,TSMC,6-K,2026-07-16,https://www.sec.gov/Archives/edgar/data/1046179/000104617926000451/0001046179-26-000451-index.html
2026-07-16 22:31:15,0001628280-26-048373,SNOW,Snowflake,8-K,2026-07-16,https://www.sec.gov/Archives/edgar/data/1640147/000162828026048373/0001628280-26-048373-index.html
2026-07-17 22:25:32,0001104659-26-084452,NBIS,Nebius,6-K,2026-07-17,https://www.sec.gov/Archives/edgar/data/1513845/000110465926084452/0001104659-26-084452-index.html
2026-07-20 22:32:35,0001140361-26-028871,IREN,IREN Limited,8-K,2026-07-20,https://www.sec.gov/Archives/edgar/data/1878848/000114036126028871/0001140361-26-028871-index.html
2026-07-22 22:35:52,0001996810-26-000148,GEV,GE Vernova,10-Q,2026-07-22,https://www.sec.gov/Archives/edgar/data/1996810/000199681026000148/0001996810-26-000148-index.html
2026-07-22 22:35:52,0001996810-26-000147,GEV,GE Vernova,8-K,2026-07-22,https://www.sec.gov/Archives/edgar/data/1996810/000199681026000147/0001996810-26-000147-index.html
2026-07-22 22:35:52,0001373715-26-000072,NOW,ServiceNow,8-K,2026-07-22,https://www.sec.gov/Archives/edgar/data/1373715/000137371526000072/0001373715-26-000072-index.html
2026-07-23 22:32:41,0001104659-26-086081,NOK,Nokia,6-K,2026-07-23,https://www.sec.gov/Archives/edgar/data/924613/000110465926086081/0001104659-26-086081-index.html
2026-07-23 22:32:41,0001373715-26-000076,NOW,ServiceNow,10-Q,2026-07-23,https://www.sec.gov/Archives/edgar/data/1373715/000137371526000076/0001373715-26-000076-index.html
2026-07-24 22:36:47,0001046179-26-000459,TSM,TSMC,6-K,2026-07-24,https://www.sec.gov/Archives/edgar/data/1046179/000104617926000459/0001046179-26-000459-index.html
2026-07-24 22:36:47,0001907982-26-000109,QBTS,D-Wave Quantum,8-K,2026-07-24,https://www.sec.gov/Archives/edgar/data/1907982/000190798226000109/0001907982-26-000109-index.html
2026-07-27 22:35:05,0001104659-26-087080,NBIS,Nebius,6-K,2026-07-27,https://www.sec.gov/Archives/edgar/data/1513845/000110465926087080/0001104659-26-087080-index.html
2026-07-27 22:35:05,0001104659-26-086848,NOK,Nokia,6-K,2026-07-27,https://www.sec.gov/Archives/edgar/data/924613/000110465926086848/0001104659-26-086848-index.html
2026-07-27 22:35:05,0001907982-26-000117,QBTS,D-Wave Quantum,8-K,2026-07-27,https://www.sec.gov/Archives/edgar/data/1907982/000190798226000117/0001907982-26-000117-index.html
2026-07-27 22:35:05,0001654954-26-006919,AEHR,Aehr Test Systems,10-K,2026-07-27,https://www.sec.gov/Archives/edgar/data/1040470/000165495426006919/0001654954-26-006919-index.html
2026-07-27 22:35:05,0001030894-26-000044,CLS,Celestica,10-Q,2026-07-27,https://www.sec.gov/Archives/edgar/data/1030894/000103089426000044/0001030894-26-000044-index.html
2026-07-27 22:35:05,0001030894-26-000043,CLS,Celestica,8-K,2026-07-27,https://www.sec.gov/Archives/edgar/data/1030894/000103089426000043/0001030894-26-000043-index.html
2026-07-27 22:35:05,0001193125-26-318063,RMBS,Rambus,8-K,2026-07-27,https://www.sec.gov/Archives/edgar/data/917273/000119312526318063/0001193125-26-318063-index.html
2026-07-28 22:36:02,0001062993-26-003884,UUUU,Energy Fuels,8-K,2026-07-28,https://www.sec.gov/Archives/edgar/data/1385849/000106299326003884/0001062993-26-003884-index.html
2026-07-28 22:36:02,0001849056-26-000039,OKLO,Oklo,8-K,2026-07-28,https://www.sec.gov/Archives/edgar/data/1849056/000184905626000039/0001849056-26-000039-index.html
2026-07-28 22:36:02,0001193125-26-321221,IONQ,IonQ,8-K,2026-07-28,https://www.sec.gov/Archives/edgar/data/1824920/000119312526321221/0001193125-26-321221-index.html
2026-07-28 22:36:02,0000024741-26-000253,GLW,Corning,8-K,2026-07-28,https://www.sec.gov/Archives/edgar/data/24741/000002474126000253/0000024741-26-000253-index.html
2026-07-28 22:36:02,0001137789-26-000153,STX,Seagate Technology,8-K,2026-07-28,https://www.sec.gov/Archives/edgar/data/1137789/000113778926000153/0001137789-26-000153-index.html
2026-07-28 22:36:02,0001628280-26-050247,BE,Bloom Energy,10-Q,2026-07-28,https://www.sec.gov/Archives/edgar/data/1664703/000162828026050247/0001628280-26-050247-index.html
2026-07-28 22:36:02,0001628280-26-050150,BE,Bloom Energy,8-K,2026-07-28,https://www.sec.gov/Archives/edgar/data/1664703/000162828026050150/0001628280-26-050150-index.html
2026-07-28 22:36:02,0000319201-26-000024,KLAC,KLA,8-K,2026-07-28,https://www.sec.gov/Archives/edgar/data/319201/000031920126000024/0000319201-26-000024-index.html
2026-07-28 22:36:02,0001193125-26-321000,RMBS,Rambus,10-Q,2026-07-28,https://www.sec.gov/Archives/edgar/data/917273/000119312526321000/0001193125-26-321000-index.html
2026-07-29 22:31:24,0001628280-26-050609,VRT,Vertiv,10-Q,2026-07-29,https://www.sec.gov/Archives/edgar/data/1674101/000162828026050609/0001628280-26-050609-index.html
2026-07-29 22:31:24,0001628280-26-050323,VRT,Vertiv,8-K,2026-07-29,https://www.sec.gov/Archives/edgar/data/1674101/000162828026050323/0001628280-26-050323-index.html
2026-07-29 22:31:24,0001104659-26-088006,NOK,Nokia,6-K,2026-07-29,https://www.sec.gov/Archives/edgar/data/924613/000110465926088006/0001104659-26-088006-index.html
2026-07-29 22:31:24,0001039399-26-000030,FORM,FormFactor,8-K,2026-07-29,https://www.sec.gov/Archives/edgar/data/1039399/000103939926000030/0001039399-26-000030-index.html
2026-07-29 22:31:24,0001104659-26-087904,APH,Amphenol,8-K,2026-07-29,https://www.sec.gov/Archives/edgar/data/820313/000110465926087904/0001104659-26-087904-index.html
2026-07-29 22:31:24,0000024741-26-000255,GLW,Corning,10-Q,2026-07-29,https://www.sec.gov/Archives/edgar/data/24741/000002474126000255/0000024741-26-000255-index.html
2026-07-29 22:31:24,0001101239-26-000148,EQIX,Equinix,8-K,2026-07-29,https://www.sec.gov/Archives/edgar/data/1101239/000110123926000148/0001101239-26-000148-index.html
2026-07-29 22:31:24,0001101239-26-000147,EQIX,Equinix,10-Q,2026-07-29,https://www.sec.gov/Archives/edgar/data/1101239/000110123926000147/0001101239-26-000147-index.html
2026-07-29 22:31:24,0001101239-26-000145,EQIX,Equinix,8-K,2026-07-29,https://www.sec.gov/Archives/edgar/data/1101239/000110123926000145/0001101239-26-000145-index.html
2026-07-29 22:31:24,0001628280-26-050325,BE,Bloom Energy,10-Q/A,2026-07-29,https://www.sec.gov/Archives/edgar/data/1664703/000162828026050325/0001628280-26-050325-index.html
2026-07-30 22:39:04,0001628280-26-051078,LITE,Lumentum,8-K,2026-07-30,https://www.sec.gov/Archives/edgar/data/1633978/000162828026051078/0001628280-26-051078-index.html
2026-07-31 12:56:07,0001551182-26-000027,ETN,Eaton,8-K,2026-07-31,https://www.sec.gov/Archives/edgar/data/1551182/000155118226000027/0001551182-26-000027-index.html
2026-07-31 10:38:18,0001193125-26-327127,IONQ,IonQ,8-K,2026-07-31,https://www.sec.gov/Archives/edgar/data/1824920/000119312526327127/0001193125-26-327127-index.html
2026-07-31 15:01:53,0001551182-26-000030,ETN,Eaton,10-Q,2026-07-31,https://www.sec.gov/Archives/edgar/data/1551182/000155118226000030/0001551182-26-000030-index.html
2026-07-31 22:35:30,0001104659-26-089194,APH,Amphenol,10-Q,2026-07-31,https://www.sec.gov/Archives/edgar/data/820313/000110465926089194/0001104659-26-089194-index.html
2026-08-03 22:35:37,0001907982-26-000119,QBTS,D-Wave Quantum,8-K,2026-08-03,https://www.sec.gov/Archives/edgar/data/1907982/000190798226000119/0001907982-26-000119-index.html
2026-08-03 22:35:37,0000874238-26-000100,STRL,Sterling Infrastructure,8-K,2026-08-03,https://www.sec.gov/Archives/edgar/data/874238/000087423826000100/0000874238-26-000100-index.html
2026-08-04 22:39:16,0001596532-26-000174,ANET,Arista,8-K,2026-08-04,https://www.sec.gov/Archives/edgar/data/1596532/000159653226000174/0001596532-26-000174-index.html
2026-08-04 22:39:16,0001039399-26-000033,FORM,FormFactor,10-Q,2026-08-04,https://www.sec.gov/Archives/edgar/data/1039399/000103939926000033/0001039399-26-000033-index.html
2026-08-04 22:39:16,0001140361-26-031053,IREN,IREN Limited,8-K,2026-08-04,https://www.sec.gov/Archives/edgar/data/1878848/000114036126031053/0001140361-26-031053-index.html
2026-08-04 22:39:16,0001137789-26-000159,STX,Seagate Technology,10-K,2026-08-04,https://www.sec.gov/Archives/edgar/data/1137789/000113778926000159/0001137789-26-000159-index.html
2026-08-04 22:39:16,0000874238-26-000103,STRL,Sterling Infrastructure,10-Q,2026-08-04,https://www.sec.gov/Archives/edgar/data/874238/000087423826000103/0000874238-26-000103-index.html
2026-08-05 22:37:32,0001596532-26-000175,ANET,Arista,10-Q,2026-08-05,https://www.sec.gov/Archives/edgar/data/1596532/000159653226000175/0001596532-26-000175-index.html
2026-08-05 22:37:32,0001868275-26-000089,CEG,Constellation Energy,8-K,2026-08-05,https://www.sec.gov/Archives/edgar/data/1868275/000186827526000089/0001868275-26-000089-index.html
2026-08-05 22:37:32,0001819810-26-000121,RDW,Redwire,8-K,2026-08-05,https://www.sec.gov/Archives/edgar/data/1819810/000181981026000121/0001819810-26-000121-index.html
2026-08-05 22:37:32,0001385849-26-000029,UUUU,Energy Fuels,10-Q,2026-08-05,https://www.sec.gov/Archives/edgar/data/1385849/000138584926000029/0001385849-26-000029-index.html
2026-08-05 22:37:32,0001822966-26-000086,SMR,NuScale Power,8-K,2026-08-05,https://www.sec.gov/Archives/edgar/data/1822966/000182296626000086/0001822966-26-000086-index.html
2026-08-05 22:37:32,0001822966-26-000085,SMR,NuScale Power,10-Q,2026-08-05,https://www.sec.gov/Archives/edgar/data/1822966/000182296626000085/0001822966-26-000085-index.html
2026-08-05 22:37:32,0001907982-26-000123,QBTS,D-Wave Quantum,8-K,2026-08-05,https://www.sec.gov/Archives/edgar/data/1907982/000190798226000123/0001907982-26-000123-index.html
2026-08-05 22:37:32,0001193125-26-335040,IONQ,IonQ,8-K,2026-08-05,https://www.sec.gov/Archives/edgar/data/1824920/000119312526335040/0001193125-26-335040-index.html
2026-08-05 22:37:32,0001628280-26-053346,SNDK,Sandisk,8-K,2026-08-05,https://www.sec.gov/Archives/edgar/data/2023554/000162828026053346/0001628280-26-053346-index.html
2026-08-05 22:37:32,0001751008-26-000059,APP,AppLovin,10-Q,2026-08-05,https://www.sec.gov/Archives/edgar/data/1751008/000175100826000059/0001751008-26-000059-index.html
2026-08-05 22:37:32,0001751008-26-000057,APP,AppLovin,8-K,2026-08-05,https://www.sec.gov/Archives/edgar/data/1751008/000175100826000057/0001751008-26-000057-index.html
2026-08-05 22:37:32,0001868941-26-000029,FLNC,Fluence Energy,10-Q,2026-08-05,https://www.sec.gov/Archives/edgar/data/1868941/000186894126000029/0001868941-26-000029-index.html
2026-08-05 22:37:32,0001868941-26-000028,FLNC,Fluence Energy,8-K,2026-08-05,https://www.sec.gov/Archives/edgar/data/1868941/000186894126000028/0001868941-26-000028-index.html
2026-08-05 22:37:32,0001193125-26-333887,RMBS,Rambus,8-K,2026-08-05,https://www.sec.gov/Archives/edgar/data/917273/000119312526333887/0001193125-26-333887-index.html
2026-08-07 01:05:42,0001868275-26-000104,CEG,Constellation Energy,10-Q,2026-08-06,https://www.sec.gov/Archives/edgar/data/1868275/000186827526000104/0001868275-26-000104-index.html
2026-08-07 01:05:42,0001868275-26-000097,CEG,Constellation Energy,8-K,2026-08-06,https://www.sec.gov/Archives/edgar/data/1868275/000186827526000097/0001868275-26-000097-index.html
2026-08-07 01:05:42,0001650372-26-000031,TEAM,Atlassian,8-K,2026-08-06,https://www.sec.gov/Archives/edgar/data/1650372/000165037226000031/0001650372-26-000031-index.html
2026-08-07 01:05:42,0001628280-26-054458,DDOG,Datadog,10-Q,2026-08-06,https://www.sec.gov/Archives/edgar/data/1561550/000162828026054458/0001628280-26-054458-index.html
2026-08-07 01:05:42,0001628280-26-053829,DDOG,Datadog,8-K,2026-08-06,https://www.sec.gov/Archives/edgar/data/1561550/000162828026053829/0001628280-26-053829-index.html
2026-08-07 01:05:42,0001819810-26-000124,RDW,Redwire,10-Q,2026-08-06,https://www.sec.gov/Archives/edgar/data/1819810/000181981026000124/0001819810-26-000124-index.html
2026-08-07 01:05:42,0001104659-26-091993,RGTI,Rigetti Computing,10-Q,2026-08-06,https://www.sec.gov/Archives/edgar/data/1838359/000110465926091993/0001104659-26-091993-index.html
2026-08-07 01:05:42,0001104659-26-091979,RGTI,Rigetti Computing,8-K,2026-08-06,https://www.sec.gov/Archives/edgar/data/1838359/000110465926091979/0001104659-26-091979-index.html
2026-08-07 01:05:42,0001907982-26-000129,QBTS,D-Wave Quantum,10-Q,2026-08-06,https://www.sec.gov/Archives/edgar/data/1907982/000190798226000129/0001907982-26-000129-index.html
2026-08-07 01:05:42,0001907982-26-000127,QBTS,D-Wave Quantum,8-K,2026-08-06,https://www.sec.gov/Archives/edgar/data/1907982/000190798226000127/0001907982-26-000127-index.html
2026-08-07 01:05:42,0001104659-26-091969,APH,Amphenol,8-K,2026-08-06,https://www.sec.gov/Archives/edgar/data/820313/000110465926091969/0001104659-26-091969-index.html
2026-08-07 01:05:42,0001104659-26-092009,EQIX,Equinix,8-K,2026-08-06,https://www.sec.gov/Archives/edgar/data/1101239/000110465926092009/0001104659-26-092009-index.html
2026-08-07 01:05:42,0001477333-26-000054,NET,Cloudflare,10-Q,2026-08-06,https://www.sec.gov/Archives/edgar/data/1477333/000147733326000054/0001477333-26-000054-index.html
2026-08-07 01:05:42,0001477333-26-000053,NET,Cloudflare,8-K,2026-08-06,https://www.sec.gov/Archives/edgar/data/1477333/000147733326000053/0001477333-26-000053-index.html
2026-08-07 01:05:42,0001193125-26-338242,KLAC,KLA,8-K,2026-08-06,https://www.sec.gov/Archives/edgar/data/319201/000119312526338242/0001193125-26-338242-index.html
2026-08-07 01:05:42,0000319201-26-000027,KLAC,KLA,10-K,2026-08-06,https://www.sec.gov/Archives/edgar/data/319201/000031920126000027/0000319201-26-000027-index.html
2026-08-07 22:09:19,0001104659-26-092536,NOK,Nokia,6-K,2026-08-07,https://www.sec.gov/Archives/edgar/data/924613/000110465926092536/0001104659-26-092536-index.html
2026-08-07 22:09:19,0001628280-26-054571,OKLO,Oklo,10-Q,2026-08-07,https://www.sec.gov/Archives/edgar/data/1849056/000162828026054571/0001628280-26-054571-index.html
2026-08-07 22:09:19,0001193125-26-338998,IONQ,IonQ,8-K,2026-08-07,https://www.sec.gov/Archives/edgar/data/1824920/000119312526338998/0001193125-26-338998-index.html
2026-08-07 22:09:19,0001104659-26-092676,CLS,Celestica,8-K,2026-08-07,https://www.sec.gov/Archives/edgar/data/1030894/000110465926092676/0001104659-26-092676-index.html
2026-08-10 22:10:23,0001046179-26-000471,TSM,TSMC,6-K,2026-08-10,https://www.sec.gov/Archives/edgar/data/1046179/000104617926000471/0001046179-26-000471-index.html
2026-08-10 22:10:23,0001769628-26-000357,CRWV,CoreWeave,8-K,2026-08-10,https://www.sec.gov/Archives/edgar/data/1769628/000176962826000357/0001769628-26-000357-index.html
2026-08-10 22:10:23,0001193125-26-341001,IONQ,IonQ,10-Q,2026-08-10,https://www.sec.gov/Archives/edgar/data/1824920/000119312526341001/0001193125-26-341001-index.html
2026-08-11 22:21:37,0001046179-26-000539,TSM,TSMC,6-K,2026-08-11,https://www.sec.gov/Archives/edgar/data/1046179/000104617926000539/0001046179-26-000539-index.html
2026-08-11 22:21:37,0001046179-26-000536,TSM,TSMC,6-K,2026-08-11,https://www.sec.gov/Archives/edgar/data/1046179/000104617926000536/0001046179-26-000536-index.html
2026-08-11 22:21:37,0001769628-26-000362,CRWV,CoreWeave,8-K,2026-08-11,https://www.sec.gov/Archives/edgar/data/1769628/000176962826000362/0001769628-26-000362-index.html
2026-08-11 22:21:37,0001104659-26-094073,SMR,NuScale Power,8-K,2026-08-11,https://www.sec.gov/Archives/edgar/data/1822966/000110465926094073/0001104659-26-094073-index.html
2026-08-11 22:21:37,0001628280-26-055726,LITE,Lumentum,8-K,2026-08-11,https://www.sec.gov/Archives/edgar/data/1633978/000162828026055726/0001628280-26-055726-index.html
2026-08-12 22:20:57,0001104659-26-094844,NBIS,Nebius,6-K,2026-08-12,https://www.sec.gov/Archives/edgar/data/1513845/000110465926094844/0001104659-26-094844-index.html
2026-08-12 22:20:57,0001104659-26-094568,NBIS,Nebius,6-K,2026-08-12,https://www.sec.gov/Archives/edgar/data/1513845/000110465926094568/0001104659-26-094568-index.html
2026-08-12 22:20:57,0001769628-26-000366,CRWV,CoreWeave,10-Q,2026-08-12,https://www.sec.gov/Archives/edgar/data/1769628/000176962826000366/0001769628-26-000366-index.html
2026-08-12 22:20:57,0001193125-26-346860,COHR,Coherent,8-K,2026-08-12,https://www.sec.gov/Archives/edgar/data/820318/000119312526346860/0001193125-26-346860-index.html
2026-08-13 22:21:43,0001140361-26-032638,IREN,IREN Limited,8-K,2026-08-13,https://www.sec.gov/Archives/edgar/data/1878848/000114036126032638/0001140361-26-032638-index.html
2026-08-13 22:21:43,0000950103-26-012340,NET,Cloudflare,8-K,2026-08-13,https://www.sec.gov/Archives/edgar/data/1477333/000095010326012340/0000950103-26-012340-index.html
2026-08-14 21:52:59,0001046179-26-000541,TSM,TSMC,6-K,2026-08-14,https://www.sec.gov/Archives/edgar/data/1046179/000104617926000541/0001046179-26-000541-index.html
2026-08-14 21:52:59,0000820318-26-000020,COHR,Coherent,10-K,2026-08-14,https://www.sec.gov/Archives/edgar/data/820318/000082031826000020/0000820318-26-000020-index.html
2026-08-14 21:52:59,0001104659-26-096765,NOK,Nokia,6-K,2026-08-14,https://www.sec.gov/Archives/edgar/data/924613/000110465926096765/0001104659-26-096765-index.html
2026-08-14 21:52:59,0001650372-26-000036,TEAM,Atlassian,10-K,2026-08-14,https://www.sec.gov/Archives/edgar/data/1650372/000165037226000036/0001650372-26-000036-index.html
2026-08-17 21:53:30,0001045810-26-000069,NVDA,NVIDIA,8-K,2026-08-17,https://www.sec.gov/Archives/edgar/data/1045810/000104581026000069/0001045810-26-000069-index.html
2026-08-17 21:53:30,0001907982-26-000132,QBTS,D-Wave Quantum,8-K,2026-08-17,https://www.sec.gov/Archives/edgar/data/1907982/000190798226000132/0001907982-26-000132-index.html
2026-08-17 21:53:30,0001628280-26-057406,SNDK,Sandisk,10-K,2026-08-17,https://www.sec.gov/Archives/edgar/data/2023554/000162828026057406/0001628280-26-057406-index.html
2026-08-17 21:53:30,0001628280-26-057358,LITE,Lumentum,10-K,2026-08-17,https://www.sec.gov/Archives/edgar/data/1633978/000162828026057358/0001628280-26-057358-index.html
2026-08-18 21:51:02,0001907982-26-000135,QBTS,D-Wave Quantum,8-K,2026-08-18,https://www.sec.gov/Archives/edgar/data/1907982/000190798226000135/0001907982-26-000135-index.html
2026-08-18 21:51:02,0001601046-26-000029,KEYS,Keysight Technologies,8-K,2026-08-18,https://www.sec.gov/Archives/edgar/data/1601046/000160104626000029/0001601046-26-000029-index.html
2026-08-19 21:53:57,0001104659-26-098590,NBIS,Nebius,6-K,2026-08-19,https://www.sec.gov/Archives/edgar/data/1513845/000110465926098590/0001104659-26-098590-index.html
2026-08-19 21:53:57,0001193125-26-356217,MRVL,Marvell,8-K,2026-08-19,https://www.sec.gov/Archives/edgar/data/1835632/000119312526356217/0001193125-26-356217-index.html
2026-08-20 21:56:36,0001104659-26-098924,NBIS,Nebius,6-K,2026-08-20,https://www.sec.gov/Archives/edgar/data/1513845/000110465926098924/0001104659-26-098924-index.html
2026-08-20 21:56:36,0001104659-26-098999,RGTI,Rigetti Computing,8-K,2026-08-20,https://www.sec.gov/Archives/edgar/data/1838359/000110465926098999/0001104659-26-098999-index.html
2026-08-20 21:56:36,0001104659-26-098877,RGTI,Rigetti Computing,8-K,2026-08-20,https://www.sec.gov/Archives/edgar/data/1838359/000110465926098877/0001104659-26-098877-index.html
