date,nav,shares_outstanding,total_net_assets
2018-06-18,50.0,,0.0
2018-06-19,49.956098,500000,24978048.78
2018-06-20,50.57087,500000,25285434.79
2018-06-21,50.235736,500000,25117867.79
2018-06-22,50.455538,500000,25227768.77
2018-06-25,49.41754,500000,24708769.86
2018-06-26,49.558872,3000000,148676617.09
2018-06-27,49.034277,3000000,147102831.0
2018-06-28,49.595548,3250000,161185531.05
2018-06-29,49.401556,3250000,160555056.25
2018-07-02,49.834289,3500000,174420010.41
2018-07-03,49.19209,3700000,182010731.53
2018-07-05,49.968586,3750000,187382196.59
2018-07-06,50.786159,3900000,198066018.3
2018-07-09,51.084043,4050000,206890375.33
2018-07-10,50.988633,4150000,211602825.12
2018-07-11,50.932185,4950000,252114315.8
2018-07-12,51.739065,5150000,266456186.71
2018-07-13,51.690153,5250000,271373304.58
2018-07-16,51.545248,5350000,275767076.53
2018-07-17,51.536145,5400000,278295182.84
2018-07-18,51.403181,5400000,277577178.56
2018-07-19,51.041297,5500000,280727135.86
2018-07-20,50.865159,5600000,284844889.66
2018-07-23,51.06031,5600000,285937737.32
2018-07-24,51.452212,5650000,290704998.56
2018-07-25,51.790548,5750000,297795652.93
2018-07-26,49.844658,5900000,294083481.99
2018-07-27,48.90932,6450000,315465111.81
2018-07-30,48.158155,7400000,356370347.22
2018-07-31,48.443907,7450000,360907109.03
2018-08-01,48.278994,7450000,359678508.73
2018-08-02,48.586442,7450000,361968993.32
2018-08-03,48.916944,7450000,364431232.9
2018-08-06,49.382096,7450000,367896613.85
2018-08-07,49.437937,7450000,368312634.1
2018-08-08,49.422571,7650000,378082670.82
2018-08-09,49.673758,7650000,380004252.42
2018-08-10,49.264654,7800000,384264303.78
2018-08-13,49.187652,7800000,383663689.17
2018-08-14,49.557986,8250000,408853387.45
2018-08-15,48.871388,8400000,410519657.36
2018-08-16,48.833778,8650000,422412179.5
2018-08-17,48.63413,8650000,420685223.86
2018-08-20,48.676573,8800000,428353840.1
2018-08-21,48.965646,8900000,435794252.71
2018-08-22,48.931725,9050000,442832110.55
2018-08-23,48.725078,9350000,455579478.34
2018-08-24,49.420882,9350000,462085242.41
2018-08-27,49.927779,9600000,479306678.8
2018-08-28,49.703703,9750000,484611104.6
2018-08-29,49.969177,9850000,492196391.39
2018-08-30,49.655223,10050000,499034988.01
2018-08-31,49.181982,10150000,499197117.69
2018-09-04,48.577775,10150000,493064418.28
2018-09-05,47.917453,10150000,486362143.34
2018-09-06,47.584119,10600000,504391658.31
2018-09-07,47.6788,10600000,505395276.17
2018-09-10,47.748452,10750000,513295857.38
2018-09-11,48.272775,10850000,523759605.87
2018-09-12,48.112776,11400000,548485647.14
2018-09-13,48.449766,11850000,574129723.1
2018-09-14,48.388887,11850000,573408313.75
2018-09-17,47.908757,13550000,649163651.01
2018-09-18,48.21847,13950000,672647661.36
2018-09-19,48.367769,14300000,691659093.9
2018-09-20,48.876781,16200000,791803846.73
2018-09-21,48.410318,20000000,968206356.08
2018-09-24,48.556597,24150000,1172641809.43
2018-09-25,48.549441,31050000,1507460147.14
2018-09-26,48.767818,33650000,1641037080.39
2018-09-27,49.153762,38200000,1877673718.31
2018-09-28,48.977403,40550000,1986033706.64
2018-10-01,48.794116,41550000,2027395521.15
2018-10-02,48.828013,45300000,2211908967.69
2018-10-03,49.05345,48000000,2354565588.47
2018-10-04,48.275933,50200000,2423451848.37
2018-10-05,47.780233,52450000,2506073235.23
2018-10-08,47.647927,54350000,2589664834.86
2018-10-09,47.648826,58150000,2770779231.6
2018-10-10,45.727512,59950000,2741364374.01
2018-10-11,45.384276,60500000,2745748681.41
2018-10-12,46.332069,60700000,2812356570.08
2018-10-15,46.213362,61600000,2846743075.45
2018-10-16,47.410885,62350000,2956068698.06
2018-10-17,47.615871,62200000,2961707156.77
2018-10-18,46.701895,61500000,2872166540.19
2018-10-19,46.729592,63200000,2953310221.54
2018-10-22,46.682519,80500000,3757942769.22
2018-10-23,46.608985,81350000,3791640924.75
2018-10-24,44.408877,82050000,3643748387.23
2018-10-25,45.784854,82050000,3756647251.16
2018-10-26,44.653655,84050000,3753139738.9
2018-10-29,43.90701,83500000,3666235333.11
2018-10-30,45.150971,83500000,3770106062.09
2018-10-31,46.082927,80950000,3730412913.14
2018-11-01,46.301427,80450000,3724949794.93
2018-11-02,45.846243,79350000,3637899381.1
2018-11-05,45.690198,79850000,3648362278.51
2018-11-06,45.949222,79000000,3629988563.78
2018-11-07,46.762025,78850000,3687185686.63
2018-11-08,46.320707,71200000,3298034316.35
2018-11-09,45.39767,71350000,3239123775.96
2018-11-12,44.69619,71500000,3195777609.65
2018-11-13,44.585332,71400000,3183392672.14
2018-11-14,44.734508,71500000,3198517331.81
2018-11-15,45.072559,71300000,3213673422.07
2018-11-16,44.862519,72350000,3245803236.77
2018-11-19,43.530691,73050000,3179916952.18
2018-11-20,42.944796,73250000,3145706280.73
2018-11-21,43.443999,70400000,3058457518.07
2018-11-23,42.958887,70550000,3030749510.38
2018-11-26,43.850483,70400000,3087073991.9
2018-11-27,43.998427,70000000,3079889898.46
2018-11-28,44.911728,69450000,3119119503.79
2018-11-29,45.077019,69000000,3110314311.9
2018-11-30,45.064074,69000000,3109421092.5
2018-12-03,45.073681,70350000,3170933479.86
2018-12-04,43.728859,70650000,3089443909.05
2018-12-06,44.224042,70750000,3128850971.93
2018-12-07,43.398196,74100000,3215806322.28
2018-12-10,43.727703,70600000,3087175822.07
2018-12-11,43.782288,70350000,3080083961.94
2018-12-12,44.242481,71350000,3156701032.94
2018-12-13,44.06301,72800000,3207787155.18
2018-12-14,43.607539,72850000,3176809245.86
2018-12-17,42.726398,71850000,3069891727.63
2018-12-18,42.964312,71700000,3080541155.95
2018-12-19,42.054951,70800000,2977490529.62
2018-12-20,41.305548,72650000,3000848036.1
2018-12-21,39.798901,68950000,2744134211.69
2018-12-24,38.991329,67700000,2639712970.25
2018-12-26,41.162248,66950000,2755812476.2
2018-12-27,41.332456,67550000,2792007403.96
2018-12-28,41.210212,67500000,2781689278.16
2018-12-31,41.261938,67300000,2776928449.88
2019-01-02,41.82905,66500000,2781631852.17
2019-01-03,41.138544,67950000,2795364087.61
2019-01-04,42.918964,67200000,2884154375.87
2019-01-07,43.38641,66750000,2896042895.58
2019-01-08,44.117411,68050000,3002189851.78
2019-01-09,44.164029,70550000,3115772257.42
2019-01-10,44.275354,69250000,3066068280.63
2019-01-11,44.062212,69250000,3051308149.14
2019-01-14,43.874581,69150000,3033927280.68
2019-01-15,44.604776,69700000,3108952881.56
2019-01-16,44.436201,70100000,3114977659.05
2019-01-17,44.608466,85000000,3791719620.29
2019-01-18,44.963254,84950000,3819628446.05
2019-01-22,44.006923,86250000,3795597068.56
2019-01-23,43.820735,86600000,3794875632.9
2019-01-24,44.065854,87550000,3857965557.05
2019-01-25,44.62103,87750000,3915495400.71
2019-01-28,44.211282,88000000,3890592847.96
2019-01-29,43.685113,88500000,3866132500.53
2019-01-30,44.309617,88100000,3903677289.22
2019-01-31,46.12477,88250000,4070510959.8
2019-02-01,45.967741,88650000,4075040210.14
2019-02-04,46.387502,88950000,4126168259.15
2019-02-05,46.909917,89950000,4219546992.43
2019-02-06,45.876023,90000000,4128842059.55
2019-02-07,45.397029,89300000,4053954705.47
2019-02-08,45.707865,89700000,4099995460.27
2019-02-11,45.255488,89550000,4052628988.3
2019-02-12,45.781389,89550000,4099723376.67
2019-02-13,45.825558,89900000,4119717694.4
2019-02-14,45.964781,88900000,4086269064.07
2019-02-15,46.166894,88900000,4104236854.97
2019-02-19,46.218622,89050000,4115768280.7
2019-02-20,46.046878,87600000,4033706482.29
2019-02-21,45.62487,89650000,4090269638.78
2019-02-22,46.06427,90150000,4152693936.59
2019-02-25,46.103663,92150000,4248452582.8
2019-02-26,46.118418,92200000,4252118160.72
2019-02-27,45.891461,94300000,4327564802.68
2019-02-28,45.896926,95000000,4360207932.03
2019-03-01,46.270383,95450000,4416508055.7
2019-03-04,46.319982,97750000,4527778245.05
2019-03-05,46.617509,95200000,4437986901.73
2019-03-06,46.589683,94550000,4405054522.26
2019-03-07,46.209627,97100000,4486954780.4
2019-03-08,46.181277,100150000,4625054869.46
2019-03-11,46.990311,100400000,4717827193.38
2019-03-12,47.183294,99150000,4678223591.85
2019-03-13,47.360085,103250000,4889928789.16
2019-03-14,47.122605,105300000,4962010342.61
2019-03-15,46.992852,105550000,4960095566.29
2019-03-18,46.627143,108100000,5040394201.56
2019-03-19,46.695636,108550000,5068811259.48
2019-03-20,47.122463,108400000,5108075007.39
2019-03-21,47.717827,113200000,5401658025.21
2019-03-22,46.966956,113200000,5316659442.04
2019-03-25,46.893275,114000000,5345833369.0
2019-03-26,47.134016,113000000,5326143763.02
2019-03-27,46.791841,116050000,5430193115.5
2019-03-28,46.679282,113450000,5295764560.54
2019-03-29,46.76693,113450000,5305708262.17
2019-04-01,47.499633,113050000,5369833543.21
2019-04-02,47.750038,113000000,5395754315.76
2019-04-03,47.920334,112550000,5393433569.02
2019-04-04,48.170248,111550000,5373391118.28
2019-04-05,48.308436,111550000,5388806022.37
2019-04-08,48.226579,111600000,5382086245.55
2019-04-09,48.332096,114000000,5509858903.1
2019-04-10,48.568743,113350000,5505267039.28
2019-04-11,48.589608,113900000,5534356307.25
2019-04-12,49.016445,113400000,5558464866.02
2019-04-15,48.968448,115900000,5675443132.24
2019-04-16,49.013861,115950000,5683157185.46
2019-04-17,49.114595,117100000,5751319052.48
2019-04-18,49.146529,117000000,5750143841.95
2019-04-22,49.347374,117000000,5773642727.22
2019-04-23,50.043418,117000000,5855079878.02
2019-04-24,49.790832,116450000,5798142415.47
2019-04-25,50.352761,115800000,5830849722.52
2019-04-26,50.779982,115800000,5880321961.32
2019-04-29,51.232817,115800000,5932760204.4
2019-04-30,50.095148,115800000,5801018170.07
2019-05-01,49.829089,115750000,5767716997.8
2019-05-02,49.626532,117050000,5808785516.8
2019-05-03,50.090675,117100000,5865618074.16
2019-05-06,50.029886,117100000,5858499616.23
2019-05-07,49.229569,117100000,5764782488.61
2019-05-08,49.116504,116600000,5726984399.28
2019-05-09,48.993438,115800000,5673440071.32
2019-05-10,49.077083,116200000,5702757099.57
2019-05-13,47.603794,116050000,5524420277.88
2019-05-14,47.870623,112500000,5385445141.78
2019-05-15,48.911866,110150000,5387641989.31
2019-05-16,49.345977,108400000,5349103925.91
2019-05-17,49.024652,108900000,5338784583.88
2019-05-20,48.204161,108350000,5222920795.32
2019-05-21,48.718377,109350000,5327354573.66
2019-05-22,48.690481,109350000,5324304121.22
2019-05-23,47.993146,109350000,5248050556.58
2019-05-24,47.994428,108350000,5200196226.97
2019-05-28,48.226555,109500000,5280807734.03
2019-05-29,47.741036,108700000,5189450635.01
2019-05-30,47.823242,108300000,5179257156.52
2019-05-31,47.102832,111000000,5228414304.85
2019-06-03,45.631285,108400000,4946431275.45
2019-06-04,46.563189,106450000,4956651498.98
2019-06-05,46.611403,104100000,4852247064.12
2019-06-06,46.781218,104750000,4900332617.29
2019-06-07,47.558041,105550000,5019751195.24
2019-06-10,47.548973,105250000,5004529422.83
2019-06-11,47.713074,103850000,4955002753.34
2019-06-12,47.484926,104600000,4966923289.96
2019-06-13,48.016793,105250000,5053767492.39
2019-06-14,48.105915,108050000,5197844132.58
2019-06-17,48.682785,109050000,5308857719.82
2019-06-18,48.918402,109050000,5334551759.49
2019-06-19,49.00685,108100000,5297640475.01
2019-06-20,49.301888,109000000,5373905759.36
2019-06-21,49.387925,108500000,5358589838.88
2019-06-24,49.522643,114550000,5672818722.26
2019-06-25,48.603909,115750000,5625902413.98
2019-06-26,48.42756,116600000,5646653444.53
2019-06-27,48.736372,115200000,5614430079.07
2019-06-28,49.21286,114400000,5629951211.86
2019-07-01,49.599968,116850000,5795756247.13
2019-07-02,50.094511,116250000,5823486940.03
2019-07-03,50.379806,116950000,5891918325.16
2019-07-05,50.408777,120450000,6071737199.43
2019-07-08,49.970607,117250000,5859053680.22
2019-07-09,50.28656,123650000,6217933139.29
2019-07-10,50.856284,116800000,5940013938.69
2019-07-11,50.85218,115750000,5886139822.03
2019-07-12,51.213082,116900000,5986809228.38
2019-07-15,51.262667,118800000,6090004784.54
2019-07-16,51.157247,118900000,6082596700.55
2019-07-17,50.655758,119550000,6055895927.04
2019-07-18,50.223903,119450000,5999245266.82
2019-07-19,49.575771,118000000,5849940962.94
2019-07-22,49.765666,116900000,5817606413.13
2019-07-23,49.943512,117900000,5888340069.35
2019-07-24,50.412036,118650000,5981388126.07
2019-07-25,50.235073,117250000,5890062367.21
2019-07-26,51.741674,117400000,6074472527.14
2019-07-29,51.451442,118150000,6078987894.63
2019-07-30,51.172862,118150000,6046073612.95
2019-07-31,50.770356,118150000,5998517613.76
2019-08-01,50.544967,119600000,6045178064.62
2019-08-02,50.064638,118150000,5915137011.28
2019-08-05,48.456778,118450000,5739705402.59
2019-08-06,49.148714,116400000,5720910286.32
2019-08-07,49.17252,113500000,5581080990.81
2019-08-08,50.163255,112250000,5630825343.69
2019-08-09,49.620845,112250000,5569939860.73
2019-08-12,49.083647,115100000,5649527809.27
2019-08-13,49.819416,115100000,5734214796.3
2019-08-14,48.059323,114150000,5485971705.02
2019-08-15,48.135013,113800000,5477764502.44
2019-08-16,48.733333,112750000,5494683340.28
2019-08-19,49.511394,112950000,5592311897.8
2019-08-20,49.175781,112900000,5551945696.14
2019-08-21,49.383687,112750000,5568010675.35
2019-08-22,49.226804,112400000,5533092730.81
2019-08-23,47.872262,112200000,5371267785.45
2019-08-26,48.620609,111350000,5413904865.13
2019-08-27,48.706051,111150000,5413677610.72
2019-08-28,48.852316,111600000,5451918429.24
2019-08-29,49.578688,112700000,5587518160.92
2019-08-30,49.558173,112700000,5585206078.57
2019-09-03,49.063309,112850000,5536794446.35
2019-09-04,49.999088,112600000,5629897269.02
2019-09-05,50.873786,112900000,5743650470.46
2019-09-06,50.75461,112450000,5707355904.84
2019-09-09,50.896451,113400000,5771657582.19
2019-09-10,50.967008,113250000,5772013708.02
2019-09-11,51.256797,114350000,5861214681.75
2019-09-12,51.367712,117000000,6010022337.62
2019-09-13,51.317338,116800000,5993865086.76
2019-09-16,51.082372,117350000,5994516411.83
2019-09-17,51.144293,118350000,6052927043.24
2019-09-18,51.102382,118500000,6055632302.23
2019-09-19,51.125843,122950000,6285922340.79
2019-09-20,50.690273,123000000,6234903582.47
2019-09-23,50.479626,119850000,6049983194.66
2019-09-24,49.714883,120300000,5980700380.04
2019-09-25,50.303703,119600000,6016322908.09
2019-09-26,49.814153,118950000,5925393442.9
2019-09-27,49.276244,119050000,5866336815.91
2019-09-30,49.503302,118750000,5878517060.8
2019-10-01,49.004472,122000000,5978545635.43
2019-10-02,48.258441,118700000,5728276938.35
2019-10-03,48.744407,119000000,5800584400.23
2019-10-04,49.417277,119450000,5902893748.35
2019-10-07,49.40009,119350000,5895900697.27
2019-10-08,48.624347,119350000,5803315784.52
2019-10-09,48.899702,125700000,6146692588.99
2019-10-10,49.153119,120750000,5935239085.28
2019-10-11,49.784179,121250000,6036331671.0
2019-10-14,49.662245,121950000,6056310837.31
2019-10-15,50.488753,121300000,6124285703.04
2019-10-16,50.583468,122000000,6171183046.03
2019-10-17,50.860859,123000000,6255885715.59
2019-10-18,50.29634,123000000,6186449808.5
2019-10-21,50.627525,122000000,6176558058.18
2019-10-22,50.112499,122150000,6121241720.18
2019-10-23,50.500427,122150000,6168627161.89
2019-10-24,49.926651,122050000,6093547788.88
2019-10-25,50.320313,122050000,6141594203.4
2019-10-28,50.77125,121950000,6191553947.56
2019-10-29,50.305622,121300000,6102071915.96
2019-10-30,50.459367,120050000,6057647027.33
2019-10-31,50.583494,120850000,6113015302.36
2019-11-01,50.927941,122300000,6228487238.43
2019-11-04,51.223163,122450000,6272276344.13
2019-11-05,51.22561,124000000,6351975687.95
2019-11-06,51.044775,125350000,6398462568.05
2019-11-07,51.372464,125150000,6429263839.87
2019-11-08,51.516218,125150000,6447254660.87
2019-11-11,51.300507,125350000,6430518542.58
2019-11-12,51.337431,124300000,6381242659.02
2019-11-13,51.352391,121150000,6221342179.66
2019-11-14,51.555578,121000000,6238224970.75
2019-11-15,51.988402,121200000,6300994331.03
2019-11-18,52.16059,122200000,6374024071.44
2019-11-19,52.184982,122100000,6371786251.91
2019-11-20,51.89195,122250000,6343790916.24
2019-11-21,51.997097,122700000,6380043862.2
2019-11-22,52.030166,122800000,6389304335.59
2019-11-25,52.197781,122800000,6409887525.26
2019-11-26,52.347384,122500000,6412554580.09
2019-11-27,52.699345,121400000,6397700425.94
2019-11-29,52.528999,126200000,6629159627.8
2019-12-02,52.056159,124550000,6483594577.22
2019-12-03,51.973256,125300000,6512249002.31
2019-12-04,52.213597,125400000,6547585093.32
2019-12-05,52.447266,125050000,6558530630.8
2019-12-06,52.749796,118250000,6237663357.54
2019-12-09,52.549301,120600000,6337445662.0
2019-12-10,52.388975,120750000,6325968787.63
2019-12-11,52.61461,125000000,6576826285.88
2019-12-12,52.682635,125800000,6627475487.31
2019-12-13,52.551176,125800000,6610937970.64
2019-12-16,53.058149,126400000,6706550002.69
2019-12-17,53.05884,125650000,6666843191.7
2019-12-18,53.377716,127500000,6805658852.71
2019-12-19,53.865604,130300000,7018688245.57
2019-12-20,53.929614,130250000,7024332288.16
2019-12-23,53.802852,127050000,6835652311.66
2019-12-24,53.75419,126700000,6810655911.52
2019-12-26,54.17803,126700000,6864356420.45
2019-12-27,54.091184,126800000,6858762143.7
2019-12-30,53.535184,127000000,6798968377.8
2019-12-31,53.677351,126900000,6811655848.08
2020-01-02,54.245133,126450000,6859297027.52
2020-01-03,53.943252,130250000,7026108579.1
2020-01-06,54.648119,131050000,7161636053.39
2020-01-07,54.711906,130550000,7142639378.33
2020-01-08,55.101822,130500000,7190787803.91
2020-01-09,55.361606,136950000,7581771972.42
2020-01-10,55.175316,129850000,7164514824.88
2020-01-13,55.698065,131050000,7299231471.38
2020-01-14,55.553644,130650000,7258083600.07
2020-01-15,55.777384,130950000,7304048379.8
2020-01-16,56.223138,131000000,7365231031.97
2020-01-17,56.683669,131250000,7439731593.1
2020-01-21,56.622231,128900000,7298605621.27
2020-01-22,56.586034,130150000,7364672347.82
2020-01-23,56.354482,133950000,7548682852.1
2020-01-24,55.697769,134050000,7466285897.0
2020-01-27,54.829544,134050000,7349900416.28
2020-01-28,55.456652,132100000,7325823774.95
2020-01-29,55.345897,129500000,7167293624.64
2020-01-30,54.804371,132250000,7247878014.1
2020-01-31,53.944795,131750000,7107226758.64
2020-02-03,54.563958,131400000,7169704085.57
2020-02-04,55.097453,130700000,7201237126.59
2020-02-05,55.177444,132350000,7302734688.33
2020-02-06,55.905222,132400000,7401851457.82
2020-02-07,55.869658,132650000,7411110187.93
2020-02-10,56.193289,132950000,7470897774.55
2020-02-11,56.135821,132950000,7463257383.56
2020-02-12,56.837847,132950000,7556591787.1
2020-02-13,56.843169,132950000,7557299336.47
2020-02-14,56.9523,132950000,7571808308.99
2020-02-18,57.321479,133450000,7649551372.47
2020-02-19,57.561897,133600000,7690269466.94
2020-02-20,57.012115,134750000,7682382549.89
2020-02-21,56.143223,135500000,7607406691.61
2020-02-24,54.228416,135600000,7353373229.37
2020-02-25,52.837646,134750000,7119872771.12
2020-02-26,52.712299,133550000,7039727532.1
2020-02-27,50.651446,132100000,6691056026.57
2020-02-28,50.809089,136300000,6925278811.92
2020-03-02,52.493808,138000000,7244145531.29
2020-03-03,50.812173,137950000,7009539239.3
2020-03-04,52.619979,139250000,7327332018.79
2020-03-05,50.686508,138500000,7020081352.47
2020-03-06,49.837537,138250000,6890039483.53
2020-03-09,46.633532,138400000,6454080805.41
2020-03-10,48.891143,137250000,6710309332.09
2020-03-11,46.791928,139500000,6527473910.52
2020-03-12,42.514354,140900000,5990272496.66
2020-03-13,46.234979,140200000,6482144113.32
2020-03-16,41.102955,141200000,5803737178.6
2020-03-17,42.726084,140600000,6007287396.77
2020-03-18,41.218934,141050000,5813930661.61
2020-03-19,42.135219,149000000,6278147610.48
2020-03-20,40.268779,147300000,5931591075.09
2020-03-23,40.445543,148550000,6008185442.96
2020-03-24,42.806434,148250000,6346053873.69
2020-03-25,42.105782,148800000,6265340366.35
2020-03-26,44.574293,148850000,6634883552.95
2020-03-27,42.742619,148400000,6343004683.94
2020-03-30,44.340468,147700000,6549087063.02
2020-03-31,44.223519,148400000,6562770239.31
2020-04-01,42.445987,147750000,6271394603.9
2020-04-02,42.997095,150650000,6477512400.87
2020-04-03,42.180217,150000000,6327032623.66
2020-04-06,44.978436,149700000,6733271807.14
2020-04-07,45.289959,149550000,6773113402.5
2020-04-08,46.263531,150150000,6946469236.96
2020-04-09,46.602132,149900000,6985659630.37
2020-04-13,46.667059,149050000,6955725143.12
2020-04-14,48.050091,149100000,7164268500.49
2020-04-15,47.555091,152150000,7235507089.21
2020-04-16,47.749865,152450000,7279466888.82
2020-04-17,48.378011,152300000,7367971062.96
2020-04-20,47.96412,152400000,7309731909.32
2020-04-21,46.467359,152500000,7086272226.51
2020-04-22,47.706159,152750000,7287115832.07
2020-04-23,48.044304,153200000,7360387299.97
2020-04-24,48.660947,152800000,7435392668.11
2020-04-27,49.072353,153250000,7520338156.83
2020-04-28,48.13578,153650000,7396062664.98
2020-04-29,50.531801,153650000,7764211271.52
2020-04-30,50.299602,153950000,7743623698.37
2020-05-01,49.525861,153500000,7602219698.72
2020-05-04,49.885469,153500000,7657419548.97
2020-05-05,50.148084,154500000,7747878934.14
2020-05-06,50.004718,154750000,7738230077.16
2020-05-07,50.944307,154650000,7878537007.21
2020-05-08,51.851026,155150000,8044686613.18
2020-05-11,51.877791,155700000,8077372130.27
2020-05-12,50.881027,156500000,7962880775.94
2020-05-13,49.977157,166050000,8298706950.52
2020-05-14,50.518144,167400000,8456737355.67
2020-05-15,51.213937,167800000,8593698685.66
2020-05-18,52.368697,167900000,8792704234.16
2020-05-19,52.318589,168600000,8820914082.59
2020-05-20,53.755615,169000000,9084698887.43
2020-05-21,53.371956,171050000,9129273082.33
2020-05-22,53.733856,170900000,9183116002.93
2020-05-26,53.844493,171300000,9223561730.47
2020-05-27,54.215762,172250000,9338665041.45
2020-05-28,53.739654,173250000,9310395036.21
2020-05-29,54.057184,173100000,9357298490.07
2020-06-01,54.654887,174350000,9529079526.47
2020-06-02,54.862182,173300000,9507616163.06
2020-06-03,55.048801,172550000,9498670540.46
2020-06-04,54.597626,172900000,9439929572.55
2020-06-05,55.544133,173000000,9609135017.73
2020-06-08,56.562699,173000000,9785346924.34
2020-06-09,56.407623,173800000,9803644922.18
2020-06-10,56.236091,173800000,9773832562.52
2020-06-11,53.634308,173550000,9308234165.89
2020-06-12,54.135866,173550000,9395279506.88
2020-06-15,54.972052,173600000,9543148298.74
2020-06-16,55.420525,173200000,9598834905.21
2020-06-17,55.506181,173200000,9613670566.01
2020-06-18,55.69773,180400000,10047870477.25
2020-06-19,55.538461,179000000,9941384464.84
2020-06-22,55.566753,170450000,9471353051.31
2020-06-23,55.923266,170600000,9540509206.23
2020-06-24,54.636791,170250000,9301913663.76
2020-06-25,54.902797,169000000,9278572633.47
2020-06-26,52.475542,168900000,8863118992.89
2020-06-29,53.414828,169750000,9067167120.61
2020-06-30,54.082719,169900000,9188653978.33
2020-07-01,55.372807,170400000,9435526340.54
2020-07-02,55.192373,170200000,9393741932.68
2020-07-06,56.329592,171300000,9649259056.88
2020-07-07,56.1412,171300000,9616987570.39
2020-07-08,56.634161,171300000,9701431755.21
2020-07-09,56.713444,173100000,9817097080.27
2020-07-10,57.697924,170800000,9854805367.08
2020-07-13,56.502996,171450000,9687438651.82
2020-07-14,57.093427,171900000,9814360165.73
2020-07-15,57.425435,172500000,9905887609.16
2020-07-16,57.556829,172950000,9954453576.68
2020-07-17,57.39928,172850000,9921465514.46
2020-07-20,58.091365,173500000,10078851786.44
2020-07-21,57.837121,173350000,10026064891.05
2020-07-22,57.855212,173850000,10058128616.05
2020-07-23,56.900061,174650000,9937595631.1
2020-07-24,56.838836,174400000,9912693052.94
2020-07-27,57.216027,174900000,10007083038.76
2020-07-28,56.638632,175500000,9940079969.95
2020-07-29,57.1567,175500000,10031000789.77
2020-07-30,57.327083,175350000,10052304006.56
2020-07-31,58.095675,175050000,10169647877.86
2020-08-03,58.195048,175050000,10187043087.12
2020-08-04,58.521165,175050000,10244129892.01
2020-08-05,58.458344,174600000,10206826829.45
2020-08-06,59.977512,174800000,10484069055.96
2020-08-07,59.918471,175200000,10497716152.95
2020-08-10,59.717671,175600000,10486423081.95
2020-08-11,58.846161,175500000,10327501265.66
2020-08-12,59.551613,175700000,10463218482.67
2020-08-13,59.859555,172650000,10334752162.94
2020-08-14,59.837332,172350000,10312964237.29
2020-08-17,59.900297,172350000,10323816182.39
2020-08-18,60.452836,172350000,10419046323.95
2020-08-19,60.272315,172350000,10387933453.05
2020-08-20,61.009504,172750000,10539391812.55
2020-08-21,60.729546,170700000,10366533542.18
2020-08-24,61.478253,172200000,10586555240.51
2020-08-25,62.067895,173000000,10737745849.29
2020-08-26,64.188609,174950000,11229797161.99
2020-08-27,63.399493,175500000,11126610999.88
2020-08-28,63.580242,174900000,11120184258.51
2020-08-31,63.304254,175100000,11084574927.91
2020-09-01,63.774563,175250000,11176492228.38
2020-09-02,65.151722,175250000,11417839347.78
2020-09-03,62.942494,175500000,11046407636.91
2020-09-04,61.77815,175200000,10823531861.11
2020-09-08,60.143643,174650000,10504087170.55
2020-09-09,60.910349,171950000,10473534482.21
2020-09-10,59.984011,172300000,10335245072.03
2020-09-11,59.779399,171850000,10273089723.22
2020-09-14,60.012971,171350000,10283222609.61
2020-09-15,61.080442,171350000,10466133695.04
2020-09-16,60.386185,171350000,10347172865.13
2020-09-17,59.288453,174400000,10339906269.72
2020-09-18,58.764165,173300000,10183829862.02
2020-09-21,57.910662,169850000,9836125947.24
2020-09-22,59.069161,169200000,9994502068.04
2020-09-23,57.615336,171300000,9869507113.75
2020-09-24,57.746553,170800000,9863111218.58
2020-09-25,58.535562,170550000,9983240075.41
2020-09-28,59.27385,169750000,10061735988.79
2020-09-29,59.35342,169900000,10084145998.06
2020-09-30,59.395066,169650000,10076372963.95
2020-10-01,60.252625,170150000,10251984222.71
2020-10-02,59.050672,171450000,10124237640.35
2020-10-05,60.040044,172700000,10368915640.01
2020-10-06,58.792488,172550000,10144643809.26
2020-10-07,59.247071,172400000,10214195002.83
2020-10-08,59.96317,176100000,10559514265.23
2020-10-09,60.335445,172900000,10431998505.85
2020-10-12,61.911929,172850000,10701477002.87
2020-10-13,61.977139,173450000,10749934775.04
2020-10-14,61.235336,173300000,10612083650.38
2020-10-15,60.773837,173300000,10532105884.65
2020-10-16,60.783139,173300000,10533718009.45
2020-10-19,59.652183,172750000,10304914674.97
2020-10-20,60.118812,172500000,10370495121.38
2020-10-21,61.150437,172150000,10527047707.74
2020-10-22,61.494853,171800000,10564815718.24
2020-10-23,62.116297,171900000,10677791508.35
2020-10-26,60.759208,172100000,10456659759.33
2020-10-27,61.162701,172050000,10523042757.13
2020-10-28,58.725789,172050000,10103772046.85
2020-10-29,60.274198,171450000,10334011232.84
2020-10-30,59.155384,171150000,10124443960.45
2020-11-02,59.198209,171050000,10125853649.53
2020-11-03,60.067363,171300000,10289539281.88
2020-11-04,62.647619,171450000,10740934304.14
2020-11-05,63.87339,172400000,11011772474.86
2020-11-06,63.673337,172400000,10977283248.98
2020-11-09,63.159516,175100000,11059231284.03
2020-11-10,62.968472,176550000,11117083777.11
2020-11-11,63.54631,178500000,11343016388.4
2020-11-12,63.181142,179300000,11328378688.43
2020-11-13,64.084436,180600000,11573649052.93
2020-11-16,64.48737,180600000,11646419045.63
2020-11-17,64.282452,178900000,11500130732.75
2020-11-18,63.656146,177050000,11270320649.7
2020-11-19,64.043129,176500000,11303612202.84
2020-11-20,63.882591,176850000,11297636214.4
2020-11-23,63.923122,176850000,11304804054.22
2020-11-24,65.214066,177500000,11575496733.77
2020-11-25,65.200174,177750000,11589330999.71
2020-11-27,65.645269,178300000,11704551474.15
2020-11-30,65.355584,178250000,11649632802.16
2020-12-01,66.612284,178450000,11886962138.01
2020-12-02,67.201751,179650000,12072794490.55
2020-12-03,66.897599,180150000,12051602547.68
2020-12-04,66.948963,180150000,12060855675.29
2020-12-07,67.414007,180400000,12161486788.08
2020-12-08,67.29257,180400000,12139579581.3
2020-12-09,66.504232,180400000,11997363431.24
2020-12-10,66.549762,180100000,11985612067.99
2020-12-11,66.966702,180100000,12060703052.27
2020-12-14,66.758284,180100000,12023167035.93
2020-12-15,67.251493,180150000,12115356428.95
2020-12-16,67.211125,179800000,12084560299.8
2020-12-17,67.062032,184800000,12393063444.99
2020-12-18,67.126533,185000000,12418408649.62
2020-12-21,66.434808,181050000,12028022023.24
2020-12-22,65.818203,179700000,11827530995.2
2020-12-23,66.176138,179650000,11888543229.72
2020-12-24,66.298739,179350000,11890678830.31
2020-12-28,67.427018,179350000,12093035731.43
2020-12-29,67.377849,180500000,12161701742.31
2020-12-30,66.916689,180750000,12095191530.28
2020-12-31,67.511873,180800000,12206146611.78
2021-01-04,66.452507,180550000,11998000104.95
2021-01-05,66.710438,180950000,12071253766.4
2021-01-06,66.376303,180800000,12000835659.04
2021-01-07,67.261815,180700000,12154210057.39
2021-01-08,67.484145,188750000,12737632284.61
2021-01-11,66.279951,181900000,12056323176.86
2021-01-12,65.254945,181850000,11866611766.78
2021-01-13,65.450932,171800000,11244470104.26
2021-01-14,65.074764,170300000,11082232237.62
2021-01-15,65.288134,170650000,11141420130.41
2021-01-19,66.459848,171050000,11367956943.18
2021-01-20,68.55118,171350000,11746244761.02
2021-01-21,68.8152,172350000,11860299752.78
2021-01-22,68.869803,172450000,11876597582.87
2021-01-25,69.24425,172250000,11927321995.12
2021-01-26,70.160045,172950000,12134179773.91
2021-01-27,67.88167,172950000,11740134894.75
2021-01-28,68.187595,172900000,11789635240.86
2021-01-29,66.919212,170800000,11429801332.24
2021-02-01,68.129456,170000000,11582007444.23
2021-02-02,69.1464,169300000,11706485548.8
2021-02-03,70.1081,169300000,11869301307.72
2021-02-04,70.497964,169700000,11963504559.84
2021-02-05,71.390207,169700000,12114918120.79
2021-02-08,71.689969,169800000,12172956709.76
2021-02-09,71.929028,169800000,12213548964.39
2021-02-10,72.608954,171650000,12463326891.38
2021-02-11,72.680201,172650000,12548236715.77
2021-02-12,73.025222,172650000,12607804602.01
2021-02-16,73.332878,172650000,12660921421.83
2021-02-17,73.54446,172900000,12715837124.04
2021-02-18,73.185113,173350000,12686639299.96
2021-02-19,72.480012,173200000,12553538103.85
2021-02-22,72.149575,173400000,12510736280.12
2021-02-23,72.734682,173600000,12626740743.56
2021-02-24,72.891017,174200000,12697615109.97
2021-02-25,71.289075,174650000,12450636997.81
2021-02-26,71.611955,174100000,12467641432.51
2021-03-01,73.414724,174450000,12807198545.98
2021-03-02,72.861008,175350000,12776177714.05
2021-03-03,71.821647,176900000,12705249302.04
2021-03-04,71.660656,177100000,12691102121.6
2021-03-05,73.360333,177350000,13010455112.33
2021-03-08,72.382854,178550000,12923958604.89
2021-03-09,73.198421,178700000,13080557868.4
2021-03-10,73.501752,174800000,12848106192.5
2021-03-11,74.907612,176100000,13191230446.82
2021-03-12,74.694332,176050000,13149937137.88
2021-03-15,75.239399,176100000,13249658121.96
2021-03-16,75.996806,175900000,13367838121.8
2021-03-17,76.036708,177000000,13458497334.73
2021-03-18,74.751462,180050000,13459000801.66
2021-03-19,75.42847,178250000,13445124810.22
2021-03-22,75.91809,173050000,13137625469.06
2021-03-23,75.3373,173300000,13055954043.58
2021-03-24,73.45441,172200000,12648849343.15
2021-03-25,73.068696,172650000,12615310288.7
2021-03-26,72.30628,171550000,12404142367.03
2021-03-29,73.029591,171450000,12520923339.68
2021-03-30,72.994069,170950000,12478336013.02
2021-03-31,73.292843,171650000,12580716543.71
2021-04-01,74.576329,173100000,12909162620.48
2021-04-05,76.138255,173850000,13236635705.61
2021-04-06,76.331371,173350000,13232043131.02
2021-04-07,76.900698,174000000,13380721475.26
2021-04-08,76.928027,181750000,13981668854.6
2021-04-09,76.941299,174000000,13387786109.28
2021-04-12,76.609793,174150000,13341595508.0
2021-04-13,76.695133,174400000,13375631200.25
2021-04-14,75.890062,174450000,13239021263.07
2021-04-15,76.874085,174500000,13414527767.34
2021-04-16,76.824016,173750000,13348172832.93
2021-04-19,76.403595,175100000,13378269553.97
2021-04-20,76.006704,174600000,13270770461.49
2021-04-21,76.121161,174850000,13309784935.69
2021-04-22,75.584819,172450000,13034602045.94
2021-04-23,76.429451,172150000,13157329904.94
2021-04-26,76.611066,172500000,13215408824.99
2021-04-27,76.306178,172900000,13193338219.58
2021-04-28,76.946395,171650000,13207848626.15
2021-04-29,79.118091,171950000,13604355715.3
2021-04-30,78.022671,173000000,13497922094.15
2021-05-03,77.652127,172800000,13418287551.01
2021-05-04,76.871602,172600000,13268038468.07
2021-05-05,76.761993,174000000,13356586821.26
2021-05-06,77.699151,174150000,13531307115.69
2021-05-07,78.279774,174450000,13655906597.85
2021-05-10,76.773934,174700000,13412406306.81
2021-05-11,76.586572,174400000,13356698131.4
2021-05-12,75.070532,174850000,13126082562.27
2021-05-13,75.650091,173900000,13155550854.27
2021-05-14,77.08121,174050000,13415984617.24
2021-05-17,76.492515,173900000,13302048350.77
2021-05-18,75.711183,173250000,13116962403.1
2021-05-19,75.833415,174250000,13213972560.33
2021-05-20,77.14463,174650000,13473309656.89
2021-05-21,76.87723,174650000,13426608134.77
2021-05-24,78.254186,174750000,13674918935.84
2021-05-25,78.251714,174550000,13658836622.05
2021-05-26,78.757615,174550000,13747141705.4
2021-05-27,79.064481,175550000,13879769608.62
2021-05-28,78.75065,175400000,13812863995.76
2021-06-01,78.845998,175350000,13825645772.39
2021-06-02,78.59085,175600000,13800553258.69
2021-06-03,78.083727,175000000,13664652178.26
2021-06-04,79.177611,174550000,13820451920.28
2021-06-07,79.569217,174550000,13888806827.63
2021-06-08,79.367839,175000000,13889371807.19
2021-06-09,79.269003,175500000,13911709945.62
2021-06-10,79.721976,173950000,13867637729.82
2021-06-11,79.789091,173600000,13851386111.28
2021-06-14,80.353517,174300000,14005618057.6
2021-06-15,79.869762,174400000,13929286527.26
2021-06-16,79.182346,174750000,13837114934.92
2021-06-17,79.521767,178750000,14214515837.0
2021-06-18,78.585687,178450000,14023615797.95
2021-06-21,79.195873,172750000,13681087075.97
2021-06-22,79.860962,175300000,13999626711.81
2021-06-23,79.780954,173050000,13806094151.25
2021-06-24,80.535429,172850000,13920548967.65
2021-06-25,80.629896,173100000,13957034911.13
2021-06-28,81.556484,172650000,14080726879.26
2021-06-29,81.150887,173350000,14067506193.28
2021-06-30,80.962327,174050000,14091493071.87
2021-07-01,81.582109,174050000,14199366155.52
2021-07-02,82.143697,174500000,14334075126.75
2021-07-06,81.953985,174250000,14280481822.27
2021-07-07,81.785816,174050000,14234821229.7
2021-07-08,80.902125,178500000,14441029347.53
2021-07-09,81.642297,173900000,14197595363.72
2021-07-12,82.220215,173900000,14298095402.59
2021-07-13,82.016845,173150000,14201216645.95
2021-07-14,81.923819,172800000,14156435954.19
2021-07-15,81.364617,172200000,14010987095.11
2021-07-16,80.891011,171100000,13840452011.3
2021-07-19,79.653431,170900000,13612771376.18
2021-07-20,80.503586,170750000,13745987276.02
2021-07-21,81.19161,169950000,13798514169.52
2021-07-22,81.46503,171000000,13930520113.66
2021-07-23,83.474994,171050000,14278397716.02
2021-07-26,83.927864,171600000,14402021496.19
2021-07-27,82.924216,171750000,14242234066.7
2021-07-28,83.544009,172350000,14398809902.31
2021-07-29,82.665734,172350000,14247439234.54
2021-07-30,82.406358,174650000,14392270436.3
2021-08-02,82.204188,175200000,14402173766.49
2021-08-03,81.830452,174900000,14312146064.86
2021-08-04,82.071081,175000000,14362439123.83
2021-08-05,82.813849,175600000,14542111826.61
2021-08-06,82.80414,175600000,14540407029.99
2021-08-09,82.681471,175750000,14531268555.57
2021-08-10,82.804655,175750000,14552918148.92
2021-08-11,82.977013,178300000,14794801374.27
2021-08-12,83.147112,178400000,14833444784.91
2021-08-13,83.184127,178950000,14885799539.02
2021-08-16,83.332695,179350000,14945718842.66
2021-08-17,82.60768,179350000,14815687462.01
2021-08-18,82.00464,180300000,14785436654.83
2021-08-19,82.008882,180900000,14835406668.48
2021-08-20,82.732598,180600000,14941507223.21
2021-08-23,83.716855,183700000,15378786325.19
2021-08-24,83.984505,184700000,15511937992.16
2021-08-25,84.111325,184800000,15543772936.47
2021-08-26,83.413458,186050000,15519073797.71
2021-08-27,84.717726,186050000,15761732966.7
2021-08-30,85.291764,186550000,15911178615.5
2021-08-31,85.611029,185500000,15880845954.4
2021-09-01,86.033672,185400000,15950642872.24
2021-09-02,85.484126,186650000,15955612182.48
2021-09-03,85.489134,186600000,15952272440.85
2021-09-07,85.690965,187000000,16024210495.55
2021-09-08,85.215023,186400000,15884080266.57
2021-09-09,84.803434,186650000,15828560952.84
2021-09-10,84.244475,186550000,15715806740.86
2021-09-13,84.458118,186900000,15785222194.91
2021-09-14,83.708,186900000,15645025243.53
2021-09-15,84.123102,187400000,15764669264.65
2021-09-16,84.070225,188350000,15834626851.83
2021-09-17,83.136727,188350000,15658802437.58
2021-09-20,81.333036,188550000,15335343849.49
2021-09-21,81.004808,188300000,15253205326.75
2021-09-22,80.94004,187750000,15196492521.41
2021-09-23,81.772436,187550000,15336420459.43
2021-09-24,82.421963,187650000,15466481272.54
2021-09-27,82.427163,188100000,15504549305.75
2021-09-28,80.418048,188150000,15130655762.9
2021-09-29,80.359229,189750000,15248163770.47
2021-09-30,80.148168,188900000,15139989009.45
2021-10-01,81.431279,189350000,15419012764.45
2021-10-04,79.709449,188650000,15037187558.98
2021-10-05,80.878118,187850000,15192954546.82
2021-10-06,81.039485,187700000,15211111254.2
2021-10-07,81.388549,195400000,15903322412.0
2021-10-08,80.989014,187800000,15209736912.78
2021-10-11,79.751891,187400000,14945504407.39
2021-10-12,79.017949,186850000,14764503705.83
2021-10-13,79.349612,184100000,14608263607.12
2021-10-14,80.499399,184200000,14827989251.68
2021-10-15,80.297422,184550000,14818889254.32
2021-10-18,80.936672,185400000,15005658992.56
2021-10-19,81.713155,186000000,15198646780.41
2021-10-20,81.857952,186550000,15270600969.03
2021-10-21,82.131444,186850000,15346260267.36
2021-10-22,80.381364,186400000,14983086161.64
2021-10-25,80.685501,186400000,15039777445.74
2021-10-26,80.0193,186100000,14891591772.5
2021-10-27,79.761009,186650000,14887392327.26
2021-10-28,80.054162,187550000,15014158129.91
2021-10-29,80.307653,187550000,15061700334.22
2021-11-01,80.442601,187800000,15107120497.53
2021-11-02,80.403785,188000000,15115911618.91
2021-11-03,80.704952,187850000,15160425183.61
2021-11-04,81.036109,188350000,15263151060.78
2021-11-05,81.69414,187650000,15329905345.78
2021-11-08,81.350491,187450000,15249149492.72
2021-11-09,81.115591,187550000,15213229159.31
2021-11-10,80.218645,187850000,15069072417.85
2021-11-11,80.056526,188150000,15062635384.29
2021-11-12,81.231403,188550000,15316180942.6
2021-11-15,81.459196,188350000,15342839633.6
2021-11-16,80.82206,188350000,15222835000.26
2021-11-17,80.511598,188250000,15156308231.29
2021-11-18,79.96163,184650000,14764914955.07
2021-11-19,79.666756,184550000,14702499788.69
2021-11-22,78.717313,183350000,14432819293.01
2021-11-23,78.486151,183750000,14421830187.21
2021-11-24,78.61006,183400000,14417085060.26
2021-11-26,77.282087,183850000,14208311609.46
2021-11-29,77.830673,185100000,14406457655.71
2021-11-30,75.404491,185250000,13968682042.28
2021-12-01,73.638119,185150000,13634097657.74
2021-12-02,74.848362,183650000,13745901639.13
2021-12-03,74.704551,183200000,13685873662.93
2021-12-06,75.910132,182300000,13838417147.95
2021-12-07,76.703002,180050000,13810375443.52
2021-12-08,77.282343,179900000,13903093592.58
2021-12-09,76.625484,181050000,13873043840.74
2021-12-10,76.686939,181100000,13888004606.51
2021-12-13,76.262533,181950000,13875967853.29
2021-12-14,76.053121,181400000,13796036092.79
2021-12-15,76.916905,181150000,13933497382.68
2021-12-16,76.77397,187600000,14402796735.45
2021-12-17,76.509911,187600000,14353259256.29
2021-12-20,75.776914,179800000,13624689083.92
2021-12-21,77.225442,181450000,14012556427.85
2021-12-22,77.438491,180750000,13997007195.24
2021-12-23,78.128682,181500000,14180355785.34
2021-12-27,78.887322,181650000,14329882078.93
2021-12-28,78.790991,181650000,14312383517.39
2021-12-29,78.447439,182100000,14285278691.23
2021-12-30,78.734355,182800000,14392640145.79
2021-12-31,77.673326,183650000,14264706385.41
2022-01-03,78.250309,183000000,14319806488.45
2022-01-04,78.080837,181350000,14159959707.17
2022-01-05,76.119345,180450000,13735735834.51
2022-01-06,76.419484,179400000,13709655466.29
2022-01-07,76.409301,182300000,13929415532.04
2022-01-10,75.958033,173500000,13178718712.65
2022-01-11,76.905696,176000000,13535402563.64
2022-01-12,77.018478,177250000,13651525267.21
2022-01-13,76.181258,176300000,13430755842.45
2022-01-14,76.575964,175400000,13431424153.84
2022-01-18,75.590879,175450000,13262419680.29
2022-01-19,75.505683,175400000,13243696728.95
2022-01-20,74.753197,175550000,13122923742.99
2022-01-21,72.232232,174850000,12629805770.05
2022-01-24,72.701282,174800000,12708184180.63
2022-01-25,71.226227,177000000,12607042178.8
2022-01-26,70.224563,175550000,12327922012.09
2022-01-27,70.315126,176200000,12389525144.99
2022-01-28,72.326895,176150000,12740382508.55
2022-01-31,73.957704,176250000,13035045330.61
2022-02-01,74.626594,175250000,13078310674.12
2022-02-02,76.11309,174850000,13308373833.51
2022-02-03,70.950182,175650000,12462399452.53
2022-02-04,71.171156,175500000,12490537794.95
2022-02-07,69.912224,174950000,12231143526.24
2022-02-08,69.886914,174750000,12212738138.45
2022-02-09,71.882837,174850000,12568713992.56
2022-02-10,70.82408,176100000,12472120417.31
2022-02-11,69.316246,176450000,12230851598.53
2022-02-14,69.320451,176000000,12200399451.63
2022-02-15,70.298954,176100000,12379645727.55
2022-02-16,69.789689,175650000,12258558876.12
2022-02-17,67.957244,175100000,11899313373.27
2022-02-18,67.401745,173100000,11667242129.58
2022-02-22,66.722505,173000000,11542993328.18
2022-02-23,65.598371,173600000,11387877193.3
2022-02-24,67.458221,172300000,11623051524.82
2022-02-25,68.535896,172300000,11808734923.64
2022-02-28,68.439418,172050000,11775001927.69
2022-03-01,67.564245,172050000,11624428386.84
2022-03-02,68.174154,172950000,11790719871.78
2022-03-03,67.467419,173000000,11671863459.75
2022-03-04,66.482277,173350000,11524702680.41
2022-03-07,64.257805,173700000,11161580700.9
2022-03-08,64.136447,174550000,11195016816.88
2022-03-09,66.013702,174150000,11496286225.77
2022-03-10,65.549228,173550000,11376068559.58
2022-03-11,64.356314,173050000,11136860082.85
2022-03-14,63.617749,173500000,11037679489.32
2022-03-15,64.853352,173500000,11252056620.02
2022-03-16,66.632565,173850000,11584071363.58
2022-03-17,67.333015,174900000,11776544236.53
2022-03-18,68.221805,174900000,11931993755.2
2022-03-21,67.40847,173950000,11725703388.59
2022-03-22,68.665945,172650000,11855175358.82
2022-03-23,67.751731,172650000,11697336375.65
2022-03-24,68.849759,173150000,11921335764.85
2022-03-25,69.190893,173050000,11973484054.05
2022-03-28,69.413185,172900000,12001539712.27
2022-03-29,70.591296,172800000,12198175962.15
2022-03-30,70.078678,173250000,12141130932.8
2022-03-31,68.750557,172100000,11831970881.81
2022-04-01,69.278108,172350000,11940081965.55
2022-04-04,71.207281,171400000,12204927990.86
2022-04-05,70.295546,171500000,12055686113.94
2022-04-06,68.978291,171600000,11836674752.0
2022-04-07,68.354966,176000000,12030474014.63
2022-04-08,68.049748,171300000,11656921749.6
2022-04-11,67.199349,171600000,11531408328.6
2022-04-12,66.633351,172300000,11480926309.24
2022-04-13,67.621257,169650000,11471946209.49
2022-04-14,66.476091,167600000,11141392826.94
2022-04-18,66.256022,167600000,11104509348.57
2022-04-19,67.563814,167400000,11310182489.45
2022-04-20,64.615425,169350000,10942622166.14
2022-04-21,62.830184,167700000,10536621836.79
2022-04-22,61.332978,167900000,10297807044.68
2022-04-25,62.167614,167950000,10441050817.81
2022-04-26,60.103343,168700000,10139433941.73
2022-04-27,58.761432,170000000,9989443401.79
2022-04-28,61.127387,168450000,10296908306.07
2022-04-29,59.083133,168250000,9940737061.55
2022-05-02,60.663702,167750000,10176335962.99
2022-05-03,60.845922,168150000,10231241727.56
2022-05-04,62.941759,167900000,10567921418.63
2022-05-05,60.596987,167350000,10140905787.17
2022-05-06,59.374164,166950000,9912516657.82
2022-05-09,57.820888,166500000,9627177902.39
2022-05-10,58.08381,168350000,9778409354.86
2022-05-11,57.052059,169150000,9650355806.61
2022-05-12,57.674088,165450000,9542177807.1
2022-05-13,59.023497,161300000,9520490061.75
2022-05-16,58.622191,160200000,9391275011.5
2022-05-17,59.906129,161950000,9701797590.22
2022-05-18,57.93934,163650000,9481773003.86
2022-05-19,57.865567,167300000,9680909295.8
2022-05-20,58.006109,169000000,9803032363.56
2022-05-23,58.902991,169800000,10001727912.17
2022-05-24,56.790253,172300000,9784960577.63
2022-05-25,57.580477,170000000,9788681155.52
2022-05-26,58.944552,170550000,10052993392.56
2022-05-27,60.236763,170300000,10258320718.07
2022-05-31,60.184383,170600000,10267455777.82
2022-06-01,59.499829,170950000,10171495812.45
2022-06-02,60.936328,171750000,10465814400.76
2022-06-03,59.632203,170200000,10149400947.52
2022-06-06,59.922734,170200000,10198849303.92
2022-06-07,60.343005,170050000,10261328052.71
2022-06-08,60.199391,170050000,10236906505.15
2022-06-09,58.330993,169000000,9857937824.54
2022-06-10,56.693304,168550000,9555656339.63
2022-06-13,54.028453,169800000,9174031252.22
2022-06-14,53.844269,169900000,9148141218.68
2022-06-15,55.091884,169500000,9338074416.69
2022-06-16,53.069356,168350000,8934226034.76
2022-06-17,53.846892,168300000,9062431939.34
2022-06-21,54.076604,169650000,9174095798.48
2022-06-22,54.179456,170100000,9215925454.57
2022-06-23,54.828199,170700000,9359173620.77
2022-06-24,56.911386,170850000,9723310300.73
2022-06-27,56.412854,170800000,9635315427.19
2022-06-28,54.761878,171150000,9372495404.84
2022-06-29,54.920231,171150000,9399597508.67
2022-06-30,54.269289,170900000,9274621469.07
2022-07-01,54.837243,170950000,9374426612.48
2022-07-05,56.090839,171250000,9605556097.3
2022-07-06,56.120076,171400000,9618981083.84
2022-07-07,57.009937,171600000,9782905169.39
2022-07-08,56.695773,171750000,9737498989.73
2022-07-11,55.003312,171600000,9438568328.86
2022-07-12,54.962697,171850000,9445339510.23
2022-07-13,54.711473,172800000,9454142607.59
2022-07-14,54.040834,173750000,9389594922.23
2022-07-15,55.411446,173600000,9619427107.19
2022-07-18,55.151739,173400000,9563311556.01
2022-07-19,57.125702,173650000,9919878192.14
2022-07-20,58.047667,173600000,10077074999.34
2022-07-21,57.988892,173500000,10061072780.47
2022-07-22,55.990232,172250000,9644317410.83
2022-07-25,55.78942,172200000,9606938206.05
2022-07-26,54.690445,172050000,9409490976.63
2022-07-27,57.010092,172800000,9851343889.11
2022-07-28,56.342119,172750000,9733100973.48
2022-07-29,56.366733,172300000,9711988139.37
2022-08-01,56.283661,173250000,9751144186.41
2022-08-02,56.215918,173650000,9761894216.56
2022-08-03,57.547459,173500000,9984484166.34
2022-08-04,57.809779,174100000,10064682565.64
2022-08-05,57.102485,174000000,9935832360.59
2022-08-08,57.412448,174700000,10029954586.09
2022-08-09,56.845947,174500000,9919617806.76
2022-08-10,58.455118,174600000,10206263567.63
2022-08-11,58.514966,174400000,10205010150.42
2022-08-12,59.56342,174200000,10375947724.44
2022-08-15,59.780971,174200000,10413845080.89
2022-08-16,59.874534,174250000,10433137615.84
2022-08-17,58.712175,174500000,10245274597.83
2022-08-18,58.647243,175350000,10283794059.58
2022-08-19,57.692801,175350000,10116432724.31
2022-08-22,56.02752,175250000,9818822946.33
2022-08-23,55.533607,174900000,9712827930.85
2022-08-24,55.893582,175650000,9817707662.19
2022-08-25,56.982757,176650000,10066004066.3
2022-08-26,55.150752,176650000,9742380264.06
2022-08-29,54.715898,176600000,9662827517.03
2022-08-30,54.23503,176950000,9596888480.75
2022-08-31,54.390679,176950000,9624430699.98
2022-09-01,54.864633,176350000,9675378018.12
2022-09-02,53.850014,176250000,9491065042.74
2022-09-06,53.138106,176400000,9373561970.07
2022-09-07,54.218635,177400000,9618385931.82
2022-09-08,54.127585,175100000,9477740130.72
2022-09-09,55.605217,172000000,9564097324.72
2022-09-12,55.88484,168150000,9397035859.36
2022-09-13,52.824799,167900000,8869283810.46
2022-09-14,52.920993,168350000,8909249235.0
2022-09-15,52.677369,166700000,8781317473.65
2022-09-16,52.146951,166450000,8679859957.94
2022-09-19,52.317847,166300000,8700457970.62
2022-09-20,51.526806,165000000,8501922937.5
2022-09-21,50.250807,164750000,8278820372.11
2022-09-22,50.074768,161250000,8074556336.39
2022-09-23,49.100638,160250000,7868377187.8
2022-09-26,48.278168,160400000,7743818185.41
2022-09-27,48.048442,159450000,7661324007.94
2022-09-28,49.684045,159050000,7902247427.28
2022-09-29,48.494598,158050000,7664571266.28
2022-09-30,47.886703,158000000,7566099094.71
2022-10-03,49.228035,158250000,7790336570.36
2022-10-04,50.740743,167350000,8491463333.37
2022-10-05,50.330538,158200000,7962291064.48
2022-10-06,50.06053,159350000,7977145411.46
2022-10-07,48.694533,159600000,7771647542.23
2022-10-10,48.617376,159750000,7766625828.59
2022-10-11,47.694362,159400000,7602481280.84
2022-10-12,47.628321,159600000,7601479960.06
2022-10-13,48.762219,159000000,7753192753.25
2022-10-14,47.929818,159050000,7623237487.83
2022-10-17,49.298791,161250000,7949430010.53
2022-10-18,49.669244,161700000,8031516737.76
2022-10-19,49.680349,161600000,8028344387.78
2022-10-20,49.827572,167350000,8338644097.7
2022-10-21,50.168141,168250000,8440789712.84
2022-10-24,50.49209,168300000,8497818704.48
2022-10-25,51.818422,167650000,8687358425.63
2022-10-26,50.193236,168800000,8472618294.93
2022-10-27,47.823178,169400000,8101246371.94
2022-10-28,49.016574,169400000,8303407560.06
2022-10-31,48.213891,169850000,8189129318.7
2022-11-01,47.884712,170600000,8169131801.68
2022-11-02,46.543107,172100000,8010068677.88
2022-11-03,45.390435,174350000,7913822419.56
2022-11-04,45.723386,171550000,7843846784.95
2022-11-07,46.535813,171750000,7992525944.76
2022-11-08,46.566629,172750000,8044385151.03
2022-11-09,45.946532,172300000,7916587509.03
2022-11-10,48.754601,171450000,8358976340.1
2022-11-11,50.027793,171450000,8577265155.62
2022-11-14,49.829181,171100000,8525772840.88
2022-11-15,50.539484,171600000,8672575419.21
2022-11-16,50.022533,171150000,8561356573.6
2022-11-17,49.669896,170250000,8456299844.24
2022-11-18,49.50775,168050000,8319777416.36
2022-11-21,49.103472,168050000,8251838469.41
2022-11-22,49.858347,168050000,8378695279.31
2022-11-23,50.457645,168050000,8479407323.13
2022-11-25,50.157223,168250000,8438952795.11
2022-11-28,49.398,169050000,8350731846.61
2022-11-29,49.403755,168950000,8346764404.45
2022-11-30,51.524915,168150000,8663914407.5
2022-12-01,51.791921,167900000,8695863569.32
2022-12-02,51.952145,167800000,8717569906.65
2022-12-05,51.123328,168050000,8591275188.09
2022-12-06,49.662523,168050000,8345786987.7
2022-12-07,49.392518,168100000,8302882340.68
2022-12-08,49.283214,167200000,8240153354.48
2022-12-09,49.452825,167200000,8268512289.09
2022-12-12,49.838372,167550000,8350419280.51
2022-12-13,50.640017,167550000,8484734786.17
2022-12-14,50.000491,168350000,8417582724.98
2022-12-15,48.049636,168250000,8084351334.92
2022-12-16,48.058658,168600000,8102689658.04
2022-12-19,46.82129,167350000,7835542947.29
2022-12-20,47.144654,167100000,7877871694.62
2022-12-21,47.757203,166300000,7942022857.62
2022-12-22,47.343628,166250000,7870878071.92
2022-12-23,47.808182,166250000,7948110256.69
2022-12-27,47.37732,165750000,7852790741.64
2022-12-28,46.694866,165750000,7739674120.63
2022-12-29,47.958372,164300000,7879560515.1
2022-12-30,47.97329,164350000,7884410207.96
2023-01-03,48.628749,164750000,8011586478.61
2023-01-04,49.540169,163850000,8117156691.79
2023-01-05,49.570116,164000000,8129499089.05
2023-01-06,50.401065,163650000,8248134263.73
2023-01-09,50.461139,170050000,8580916738.97
2023-01-10,51.241635,164950000,8452307724.19
2023-01-11,51.607038,168350000,8688044803.23
2023-01-12,52.17397,169000000,8817400906.91
2023-01-13,52.348395,169800000,8888757448.47
2023-01-17,51.852165,170350000,8833016358.51
2023-01-18,51.216243,170600000,8737490970.72
2023-01-19,51.476196,168850000,8691755719.37
2023-01-20,53.1257,166400000,8840116532.65
2023-01-23,54.032066,166350000,8988234159.29
2023-01-24,53.876566,166300000,8959672853.57
2023-01-25,54.05376,168900000,9129680000.51
2023-01-26,54.901259,169550000,9308508507.81
2023-01-27,55.286988,169550000,9373908898.03
2023-01-30,54.423341,169950000,9249246738.44
2023-01-31,55.075512,169450000,9332545551.43
2023-02-01,55.707978,169500000,9442502201.94
2023-02-02,59.378768,170350000,10115173169.86
2023-02-03,58.188276,170500000,9921101124.25
2023-02-06,57.477368,169400000,9736666140.47
2023-02-07,58.563345,169100000,9903061572.98
2023-02-08,56.719699,169100000,9591301150.77
2023-02-09,55.482103,168700000,9359830851.37
2023-02-10,54.94085,168300000,9246544997.44
2023-02-13,55.756598,168600000,9400562342.95
2023-02-14,55.745954,168200000,9376469391.45
2023-02-15,56.282167,168600000,9489173323.13
2023-02-16,55.400658,169200000,9373791402.72
2023-02-17,55.32643,169250000,9363998324.55
2023-02-21,54.135676,169350000,9167876753.58
2023-02-22,54.216507,168900000,9157167960.26
2023-02-23,53.974513,168550000,9097404172.53
2023-02-24,53.24411,168800000,8987605738.68
2023-02-27,53.391177,168600000,9001752411.94
2023-02-28,53.496234,168850000,9032839096.16
2023-03-01,53.060682,168400000,8935418801.5
2023-03-02,53.598813,166500000,8924202434.68
2023-03-03,54.737887,166450000,9111121246.52
2023-03-06,54.756631,166150000,9097814254.0
2023-03-07,54.175784,166550000,9022976821.89
2023-03-08,54.24231,166650000,9039480934.7
2023-03-09,53.004611,166750000,8838518882.99
2023-03-10,52.239861,165850000,8663980981.76
2023-03-13,52.27708,164600000,8604807358.62
2023-03-14,53.74967,164150000,8823008310.25
2023-03-15,54.296413,164550000,8934474741.36
2023-03-16,55.531265,164950000,9159882152.28
2023-03-17,55.012367,164600000,9055035578.28
2023-03-20,55.243886,164550000,9090381478.41
2023-03-21,56.45097,165200000,9325700251.51
2023-03-22,55.460075,165400000,9173096486.21
2023-03-23,56.397634,164850000,9297149921.9
2023-03-24,56.640102,164450000,9314464804.59
2023-03-27,56.334177,165050000,9297955915.41
2023-03-28,55.874166,165550000,9249968213.95
2023-03-29,56.600142,166850000,9443733765.39
2023-03-30,56.895178,167450000,9527097538.22
2023-03-31,57.979178,169050000,9801380009.95
2023-04-03,58.188963,172700000,10049233967.13
2023-04-04,58.390051,183800000,10732091429.39
2023-04-05,58.18048,168950000,9829592180.26
2023-04-06,58.947138,170850000,10071118498.53
2023-04-10,58.799326,173350000,10192863087.33
2023-04-11,58.634409,174100000,10208250674.76
2023-04-12,58.035153,185200000,10748110271.93
2023-04-13,59.245474,186550000,11052243120.11
2023-04-14,59.232567,186250000,11032065624.57
2023-04-17,58.885955,186950000,11008729219.41
2023-04-18,58.583416,187400000,10978532085.34
2023-04-19,58.146222,187750000,10916953093.62
2023-04-20,57.553334,188600000,10854558785.09
2023-04-21,57.683364,188600000,10879082508.55
2023-04-24,57.607922,188350000,10850452020.95
2023-04-25,56.731991,187550000,10640084841.77
2023-04-26,56.138338,188400000,10576462857.46
2023-04-27,59.376294,188350000,11183524944.78
2023-04-28,59.897474,188850000,11311638034.17
2023-05-01,59.901076,187900000,11255412253.95
2023-05-02,58.794747,187300000,11012256080.39
2023-05-03,58.557953,189550000,11099659908.18
2023-05-04,57.623297,190300000,10965713381.4
2023-05-05,58.315174,190400000,11103209097.42
2023-05-08,58.904728,190700000,11233131559.12
2023-05-09,58.544661,191150000,11190811904.13
2023-05-10,59.047414,193250000,11410912745.39
2023-05-11,59.650756,193900000,11566281667.27
2023-05-12,59.696009,194000000,11581025770.0
2023-05-15,59.97688,194750000,11680497441.86
2023-05-16,59.935944,195100000,11693502705.24
2023-05-17,60.652335,195600000,11863596759.34
2023-05-18,61.731732,195750000,12083986603.82
2023-05-19,61.398136,195800000,12021755015.34
2023-05-22,61.957476,195600000,12118882267.8
2023-05-23,61.19365,195750000,11978656894.63
2023-05-24,60.931436,196200000,11954747830.29
2023-05-25,60.906008,196900000,11992393018.39
2023-05-26,62.143856,197050000,12245446764.03
2023-05-30,62.239585,197550000,12295429987.9
2023-05-31,62.227423,198600000,12358366150.81
2023-06-01,63.067035,198550000,12521959719.9
2023-06-02,63.144297,198750000,12549929116.99
2023-06-05,63.334957,199050000,12606823224.93
2023-06-06,63.578265,199150000,12661611510.17
2023-06-07,62.849593,198800000,12494499082.99
2023-06-08,63.172829,199700000,12615613909.88
2023-06-09,63.206952,199650000,12619268034.29
2023-06-12,63.952384,198750000,12710536328.4
2023-06-13,64.156827,197700000,12683804740.31
2023-06-14,64.281461,196950000,12660233735.39
2023-06-15,65.281271,197000000,12860410291.32
2023-06-16,64.746087,196700000,12735555343.75
2023-06-20,64.329958,196000000,12608671725.33
2023-06-21,63.71909,196300000,12508057381.17
2023-06-22,64.19317,196550000,12617167516.6
2023-06-23,64.070313,196700000,12602630652.75
2023-06-26,63.385233,198400000,12575630152.77
2023-06-27,64.480609,199100000,12838089297.35
2023-06-28,64.747405,199950000,12946243585.79
2023-06-29,64.411518,200300000,12901626958.19
2023-06-30,65.081907,201050000,13084717302.31
2023-07-03,65.27291,201700000,13165546010.59
2023-07-05,65.800987,201800000,13278639128.55
2023-07-06,65.256493,201800000,13168760290.04
2023-07-07,65.03417,207200000,13475080071.58
2023-07-10,64.885071,202150000,13116517048.67
2023-07-11,65.991694,201850000,13320423441.92
2023-07-12,66.793725,201950000,13488992709.13
2023-07-13,67.787083,202650000,13737052416.88
2023-07-14,67.149184,203200000,13644714276.23
2023-07-17,66.902768,204250000,13664890343.73
2023-07-18,67.356634,204200000,13754224722.44
2023-07-19,67.545708,204600000,13819851757.34
2023-07-20,66.231455,205050000,13580759857.01
2023-07-21,65.56019,209050000,13705357703.85
2023-07-24,65.671835,209500000,13758249384.1
2023-07-25,65.879121,209850000,13824733555.86
2023-07-26,66.901837,210450000,14079491523.49
2023-07-27,67.475757,210600000,14210394522.92
2023-07-28,68.806847,210350000,14473520173.1
2023-07-31,68.768474,211450000,14541093744.34
2023-08-01,68.70679,211750000,14548662773.66
2023-08-02,67.398999,211450000,14251518296.61
2023-08-03,67.243194,212400000,14282454471.45
2023-08-04,67.094922,212550000,14261025659.38
2023-08-07,68.11321,212700000,14487679815.42
2023-08-08,67.929654,212650000,14445240992.46
2023-08-09,67.179044,212750000,14292341656.14
2023-08-10,67.443455,214850000,14490226312.8
2023-08-11,67.108057,215000000,14428232279.83
2023-08-14,67.620103,215100000,14545084097.8
2023-08-15,67.02197,215050000,14413074595.85
2023-08-16,66.223852,215400000,14264617744.29
2023-08-17,65.461264,215750000,14123267738.7
2023-08-18,65.065512,215650000,14031377757.07
2023-08-21,65.526245,215400000,14114353136.74
2023-08-22,65.524849,215450000,14117328706.89
2023-08-23,66.565313,216050000,14381435856.91
2023-08-24,65.344875,216700000,14160234408.87
2023-08-25,65.378795,217600000,14226425777.03
2023-08-28,66.16722,216900000,14351669911.07
2023-08-29,67.623525,217150000,14684448456.22
2023-08-30,67.675438,217150000,14695721449.26
2023-08-31,67.723505,216400000,14655366589.82
2023-09-01,67.101601,215650000,14470460336.2
2023-09-05,67.08421,210100000,14094392582.21
2023-09-06,66.839046,210300000,14056251301.66
2023-09-07,66.765626,211300000,14107576684.28
2023-09-08,66.952937,211350000,14150503144.9
2023-09-11,67.93117,210450000,14296114749.29
2023-09-12,67.276339,210650000,14171760863.55
2023-09-13,67.468406,208350000,14057042303.09
2023-09-14,68.396936,207100000,14165005401.92
2023-09-15,67.532763,206800000,13965775286.08
2023-09-18,67.402697,206300000,13905176308.44
2023-09-19,67.449795,205950000,13891285247.33
2023-09-20,66.53285,205850000,13695787253.35
2023-09-21,65.735726,204650000,13452816280.52
2023-09-22,65.645981,203900000,13385215471.12
2023-09-25,65.751313,202250000,13298203020.54
2023-09-26,65.054022,201450000,13105132742.39
2023-09-27,65.221502,201050000,13112783039.08
2023-09-28,65.911561,199950000,13179016678.53
2023-09-29,65.584376,199600000,13090641512.61
2023-10-02,66.071321,199900000,13207657015.84
2023-10-03,65.188289,200700000,13083289650.29
2023-10-04,65.791749,200850000,13214272823.34
2023-10-05,65.700846,201000000,13205870110.82
2023-10-06,66.898369,209150000,13991793804.93
2023-10-09,67.6313,202200000,13675048826.96
2023-10-10,68.032452,201600000,13715342423.58
2023-10-11,68.616476,203000000,13929144703.74
2023-10-12,67.847378,204950000,13905320152.55
2023-10-13,67.082065,206400000,13845738191.18
2023-10-16,68.108679,206900000,14091685781.92
2023-10-17,68.396753,207550000,14195746068.82
2023-10-18,67.227132,208050000,13986604787.15
2023-10-19,67.179054,209050000,14043781144.58
2023-10-20,66.504341,208700000,13879455942.17
2023-10-23,66.857122,209200000,13986509834.78
2023-10-24,67.632251,209350000,14158811834.22
2023-10-25,64.74925,209400000,13558492967.44
2023-10-26,63.343621,208650000,13216646516.92
2023-10-27,63.117653,207700000,13109536499.63
2023-10-30,64.365985,206900000,13317322318.97
2023-10-31,64.714204,204650000,13243761795.95
2023-11-01,65.66078,203650000,13371817790.51
2023-11-02,66.518032,203500000,13536419466.87
2023-11-03,67.577,205100000,13860042640.5
2023-11-06,67.3709,205100000,13817771547.33
2023-11-07,67.720019,206250000,13967253942.34
2023-11-08,67.442987,205950000,13889883220.71
2023-11-09,67.4056,205800000,13872072460.45
2023-11-10,68.461749,205850000,14092850956.76
2023-11-13,68.31463,205950000,14069398116.81
2023-11-14,69.443538,208100000,14451200202.23
2023-11-15,69.781017,208850000,14573765358.85
2023-11-16,70.084802,209700000,14696782965.07
2023-11-17,70.052324,208000000,14570883391.88
2023-11-20,70.829869,208150000,14743237324.45
2023-11-21,70.620169,208050000,14692526237.3
2023-11-22,71.180431,208550000,14844678930.88
2023-11-24,70.938413,208700000,14804846882.98
2023-11-27,70.525869,209050000,14743432998.88
2023-11-28,70.68654,209400000,14801761562.93
2023-11-29,70.167735,210200000,14749257812.31
2023-11-30,69.749624,212000000,14786920252.33
2023-12-01,69.909859,212300000,14841863035.2
2023-12-04,69.226332,212750000,14727902129.21
2023-12-05,68.882247,219050000,15088656202.92
2023-12-06,68.695143,218550000,15013323395.18
2023-12-07,70.142415,218150000,15301567865.1
2023-12-08,70.474274,218150000,15373962913.77
2023-12-11,69.93356,218200000,15259502748.58
2023-12-12,70.207901,219250000,15393082202.11
2023-12-13,70.868595,220650000,15637155509.58
2023-12-14,71.164119,220800000,15713037527.72
2023-12-15,71.053456,220950000,15699261130.06
2023-12-18,71.715354,220700000,15827578651.51
2023-12-19,72.438659,221350000,16034297090.45
2023-12-20,71.903131,222000000,15962495038.36
2023-12-21,72.592499,222650000,16162719804.77
2023-12-22,72.586276,222600000,16157704951.79
2023-12-26,72.870571,223350000,16275642058.8
2023-12-27,72.877277,223800000,16309934679.06
2023-12-28,73.06894,224500000,16403976944.42
2023-12-29,72.649693,225450000,16378873200.53
2024-01-02,72.252032,226150000,16339796943.47
2024-01-03,72.008387,223600000,16101075278.82
2024-01-04,71.753259,221700000,15907697471.73
2024-01-05,72.070883,220850000,15916854438.09
2024-01-08,73.154353,220600000,16137850358.3
2024-01-09,73.027034,226500000,16540623218.1
2024-01-10,73.705632,220300000,16237350665.09
2024-01-11,73.426244,219350000,16106046525.92
2024-01-12,73.802198,219150000,16173751608.38
2024-01-16,73.418516,219200000,16093338781.8
2024-01-17,72.925052,218950000,15966940027.38
2024-01-18,73.823389,219500000,16204233909.77
2024-01-19,74.843533,220050000,16469319487.43
2024-01-22,74.957941,220550000,16531973931.92
2024-01-23,75.709239,221650000,16780952782.97
2024-01-24,76.190645,221100000,16845751633.19
2024-01-25,77.39253,220800000,17088270615.51
2024-01-26,77.698055,220050000,17097457100.68
2024-01-29,78.302727,219700000,17203109158.22
2024-01-30,77.813331,219800000,17103370092.01
2024-01-31,75.893538,219800000,16681399729.95
2024-02-01,76.650573,220100000,16870791109.88
2024-02-02,79.753361,219850000,17533776322.51
2024-02-05,78.621695,219650000,17269255317.24
2024-02-06,78.400589,219550000,17212849392.41
2024-02-07,78.767968,219150000,17262000187.62
2024-02-08,79.063086,219650000,17366206795.01
2024-02-09,79.193575,219550000,17386949422.87
2024-02-12,79.394922,221600000,17593914676.61
2024-02-13,78.329909,220950000,17306993394.79
2024-02-14,79.506373,220350000,17519229181.4
2024-02-15,80.176915,220850000,17707071598.2
2024-02-16,78.983396,220650000,17427686379.79
2024-02-20,78.821956,220600000,17388123597.12
2024-02-21,78.71658,220850000,17384556636.95
2024-02-22,79.960064,220500000,17631194183.74
2024-02-23,79.66723,219200000,17463056897.96
2024-02-26,78.546796,219400000,17233167097.51
2024-02-27,79.169659,219250000,17357947629.76
2024-02-28,78.642233,220000000,17301291213.01
2024-02-29,79.444048,220000000,17477690572.61
2024-03-01,80.003052,218550000,17484667040.52
2024-03-04,78.912521,218900000,17273950812.8
2024-03-05,78.342271,219800000,17219631176.87
2024-03-06,78.415395,220150000,17263149303.98
2024-03-07,79.720711,220100000,17546528473.29
2024-03-08,79.578138,219950000,17503211480.3
2024-03-11,79.418345,220550000,17515715973.52
2024-03-12,80.167196,220750000,17696908577.61
2024-03-13,80.25778,220850000,17724930693.92
2024-03-14,80.087163,240250000,19240940984.78
2024-03-15,79.278428,240450000,19062498132.38
2024-03-18,80.713264,219850000,17744811147.85
2024-03-19,80.691233,219450000,17707691164.82
2024-03-20,81.631291,219450000,17913986837.25
2024-03-21,81.646507,219350000,17909161280.29
2024-03-22,81.82204,220650000,18054033083.62
2024-03-25,81.527641,220850000,18005379409.37
2024-03-26,81.308879,221350000,17997720371.2
2024-03-27,81.766441,220850000,18058118582.32
2024-03-28,81.665574,221450000,18084841295.25
2024-04-01,82.272749,222750000,18326254730.13
2024-04-02,82.164702,223300000,18347377937.37
2024-04-03,82.810811,224450000,18586886545.13
2024-04-04,81.691022,225000000,18380479871.12
2024-04-05,82.564634,225050000,18581170940.16
2024-04-08,82.49818,223600000,18446593083.78
2024-04-09,82.635137,229050000,18927578226.88
2024-04-10,82.012994,223650000,18342206193.67
2024-04-11,82.730418,222900000,18440610179.84
2024-04-12,81.383399,221650000,18038630407.82
2024-04-15,80.337569,220700000,17730501564.83
2024-04-16,80.050202,220450000,17647067120.56
2024-04-17,79.959858,219750000,17571178831.69
2024-04-18,80.368395,219100000,17608715242.82
2024-04-19,79.461716,218600000,17370331218.31
2024-04-22,79.590244,217800000,17334755156.83
2024-04-23,80.822579,218950000,17696103737.72
2024-04-24,80.84353,219750000,17765365655.97
2024-04-25,78.047551,219750000,17150949408.79
2024-04-26,80.127132,216600000,17355536749.76
2024-04-29,79.191765,219000000,17342996467.66
2024-04-30,77.894342,218850000,17047176696.46
2024-05-01,78.616985,219200000,17232843174.41
2024-05-02,79.371697,218150000,17314935692.74
2024-05-03,80.236234,218100000,17499522743.1
2024-05-06,81.285356,217900000,17712079089.75
2024-05-07,81.391277,217750000,17722950564.16
2024-05-08,81.273691,217750000,17697346230.91
2024-05-09,81.647895,218000000,17799241078.01
2024-05-10,81.802705,217800000,17816629200.03
2024-05-13,81.656379,218950000,17878664092.86
2024-05-14,82.029832,218750000,17944025684.27
2024-05-15,82.512206,219000000,18070173105.48
2024-05-16,82.458254,219650000,18111955422.62
2024-05-17,82.566128,219900000,18156291462.74
2024-05-20,82.851828,219950000,18223259658.07
2024-05-21,82.738383,220100000,18210718040.78
2024-05-22,82.825995,220350000,18250707943.54
2024-05-23,81.901005,221100000,18108312221.44
2024-05-24,82.949042,221000000,18331738212.29
2024-05-28,83.088067,221100000,18370771669.82
2024-05-29,82.628971,221000000,18261002525.07
2024-05-30,82.387537,221300000,18232361841.64
2024-05-31,83.227974,220650000,18364252523.17
2024-06-03,83.578576,220400000,18420718188.2
2024-06-04,83.905339,220650000,18513713000.67
2024-06-05,84.95269,220650000,18744810947.13
2024-06-06,84.978668,220750000,18759040897.16
2024-06-07,84.378392,220950000,18643405634.12
2024-06-10,84.60828,222300000,18808420561.39
2024-06-11,84.752287,222200000,18831958168.28
2024-06-12,84.610231,220900000,18690400075.84
2024-06-13,83.861604,220350000,18478904497.01
2024-06-14,84.135809,220300000,18535118744.27
2024-06-17,84.504521,220450000,18629021721.35
2024-06-18,84.007012,220500000,18523546093.44
2024-06-20,84.374824,228450000,19275428638.14
2024-06-21,84.936235,227650000,19335733849.54
2024-06-24,84.982012,218850000,18598313325.1
2024-06-25,85.942487,219650000,18877267280.0
2024-06-26,85.958324,219900000,18902235350.64
2024-06-27,86.44684,220200000,19035594182.29
2024-06-28,85.642972,219950000,18837171757.58
2024-07-01,85.318522,221750000,18919382285.38
2024-07-02,86.040777,222700000,19161280929.66
2024-07-03,86.123307,223050000,19209803534.06
2024-07-05,87.761447,223450000,19610295227.32
2024-07-08,86.984927,223750000,19462877459.09
2024-07-09,87.211935,223950000,19531112774.44
2024-07-10,87.797735,223750000,19644743230.68
2024-07-11,86.595588,225350000,19514315745.84
2024-07-12,86.310923,225950000,19501953123.31
2024-07-15,86.585318,225850000,19555294173.31
2024-07-16,86.844788,226100000,19635606458.48
2024-07-17,85.574453,225650000,19309875353.01
2024-07-18,85.477708,225150000,19245305889.62
2024-07-19,85.120616,224500000,19109578326.8
2024-07-22,85.464908,226100000,19323615733.17
2024-07-23,85.344183,225200000,19219510016.08
2024-07-24,83.113091,224300000,18642266283.19
2024-07-25,82.151603,221400000,18188364949.53
2024-07-26,83.706593,218900000,18323373153.5
2024-07-29,84.42136,217100000,18327877250.74
2024-07-30,84.760476,216250000,18329452975.71
2024-07-31,85.847692,216100000,18551686152.79
2024-08-01,86.130842,215950000,18599955352.01
2024-08-02,84.754412,216500000,18349330294.27
2024-08-05,82.269337,215900000,17761949805.2
2024-08-06,83.281156,212400000,17688917543.79
2024-08-07,82.830149,210450000,17431604888.3
2024-08-08,84.496723,209550000,17706288315.57
2024-08-09,85.222759,205800000,17538843793.02
2024-08-12,84.60008,205950000,17423386449.99
2024-08-13,85.707739,206100000,17664365016.48
2024-08-14,85.257166,206600000,17614130450.15
2024-08-15,86.021178,207800000,17875200759.77
2024-08-16,86.262518,208500000,17985735011.94
2024-08-19,87.26234,208950000,18233465952.83
2024-08-20,87.172647,209050000,18223441895.05
2024-08-21,87.566586,208300000,18240119888.77
2024-08-22,86.863516,208950000,18150131599.14
2024-08-23,87.524945,209000000,18292713544.68
2024-08-26,87.673103,209000000,18323678549.93
2024-08-27,87.50091,209050000,18292065215.82
2024-08-28,86.918131,209500000,18209348458.59
2024-08-29,86.713359,209200000,18140434625.31
2024-08-30,87.325825,208700000,18224899754.87
2024-09-03,85.711841,208050000,17832348481.91
2024-09-04,85.307929,207900000,17735518342.33
2024-09-05,85.55423,207750000,17773891245.08
2024-09-06,83.73661,206650000,17304170460.05
2024-09-09,84.108708,206550000,17372653559.05
2024-09-10,84.093179,206550000,17369446148.96
2024-09-11,84.489949,206750000,17468297011.25
2024-09-12,86.023494,206750000,17785357330.8
2024-09-13,86.891093,206150000,17912598828.61
2024-09-16,87.763698,206000000,18079321782.29
2024-09-17,87.7845,206150000,18096774739.7
2024-09-18,87.72246,206650000,18127846390.54
2024-09-19,88.900662,206450000,18353541750.01
2024-09-20,88.898807,206000000,18313154174.78
2024-09-23,88.813143,205400000,18242219543.66
2024-09-24,89.253998,205750000,18364010079.9
2024-09-25,88.991391,205800000,18314428324.97
2024-09-26,89.462535,205700000,18402443446.26
2024-09-27,90.014421,206150000,18556472949.98
2024-09-30,90.408523,206250000,18646757894.98
2024-10-01,90.453662,206150000,18647022517.53
2024-10-02,90.211246,206450000,18624111788.32
2024-10-03,89.902474,206800000,18591831607.25
2024-10-04,90.909858,206000000,18727430838.97
2024-10-07,89.665085,205650000,18439624769.97
2024-10-08,90.461378,205950000,18630520737.62
2024-10-09,90.475289,204800000,18529339157.38
2024-10-10,89.804003,209900000,18849860150.44
2024-10-11,90.41068,203500000,18398573474.37
2024-10-14,90.869438,203900000,18528278424.96
2024-10-15,91.042976,202800000,18463515513.75
2024-10-16,90.978219,201950000,18373051285.67
2024-10-17,90.569883,202500000,18340401327.2
2024-10-18,91.247861,202250000,18454879829.32
2024-10-21,90.86645,202300000,18382282799.56
2024-10-22,91.008072,202100000,18392731325.59
2024-10-23,90.27412,201800000,18217317383.24
2024-10-24,90.609122,201800000,18284920778.42
2024-10-25,90.867466,202000000,18355228139.05
2024-10-28,91.376011,202000000,18457954284.16
2024-10-29,92.288993,202100000,18651605579.92
2024-10-30,92.817436,202150000,18763044612.33
2024-10-31,92.071734,202300000,18626111846.84
2024-11-01,92.437583,201550000,18630794907.28
2024-11-04,92.082135,201750000,18577570836.85
2024-11-05,93.090309,201400000,18748388330.7
2024-11-06,95.449936,201500000,19233162132.86
2024-11-07,96.633111,200600000,19384602023.35
2024-11-08,96.147029,201300000,19354396869.72
2024-11-11,96.700583,201500000,19485167417.71
2024-11-12,97.135917,201900000,19611741612.68
2024-11-13,97.167487,202750000,19700708000.07
2024-11-14,97.058307,202600000,19664012990.59
2024-11-15,95.160743,202600000,19279566477.72
2024-11-18,96.083662,202100000,19418508081.4
2024-11-19,96.711481,202550000,19588910511.82
2024-11-20,97.326915,203400000,19796294471.48
2024-11-21,97.062487,203550000,19757069191.39
2024-11-22,96.887826,203950000,19760272127.56
2024-11-25,97.352441,204050000,19864765510.75
2024-11-26,97.776062,206100000,20151646330.9
2024-11-27,97.853855,206500000,20206821090.11
2024-11-29,98.368741,206700000,20332818680.82
2024-12-02,99.18809,206900000,20522015915.0
2024-12-03,100.015759,209150000,20918295993.46
2024-12-04,100.219774,209300000,20975998757.05
2024-12-05,99.974311,209300000,20924623259.36
2024-12-06,100.937272,209550000,21151405309.46
2024-12-09,98.781367,209600000,20704574485.87
2024-12-10,100.312913,210250000,21090789872.99
2024-12-11,101.984208,211000000,21518667798.03
2024-12-12,102.165247,210800000,21536434165.67
2024-12-13,100.971314,210750000,21279704330.18
2024-12-16,101.328376,209700000,21248560345.08
2024-12-17,100.569712,209950000,21114611118.07
2024-12-18,97.745963,210150000,20541314180.78
2024-12-19,97.435537,210350000,20495565114.42
2024-12-20,97.984396,208550000,20434645865.24
2024-12-23,98.225108,207950000,20425911276.65
2024-12-24,99.146253,208100000,20632335153.15
2024-12-26,99.014156,208000000,20594944356.04
2024-12-27,98.136716,208000000,20412437000.02
2024-12-30,97.120287,207850000,20186451685.21
2024-12-31,96.762263,207500000,20078169469.58
2025-01-02,97.259507,208050000,20234840349.62
2025-01-03,97.885672,208800000,20438528342.35
2025-01-06,98.921531,209100000,20684492130.43
2025-01-07,97.815168,210100000,20550966872.17
2025-01-08,97.266677,210600000,20484362118.32
2025-01-10,95.808063,216850000,20775978535.72
2025-01-13,95.831762,210700000,20191752149.48
2025-01-14,95.499039,209100000,19968849003.87
2025-01-15,97.12732,210150000,20411306301.67
2025-01-16,96.525716,210950000,20362099848.31
2025-01-17,97.399608,211050000,20556187346.48
2025-01-21,98.273098,210800000,20715968953.53
2025-01-22,99.254607,210700000,20912945759.24
2025-01-23,99.508553,210800000,20976402896.46
2025-01-24,100.43842,210950000,21187484729.42
2025-01-27,100.927661,211050000,21300782775.95
2025-01-28,101.411839,210600000,21357333293.82
2025-01-29,101.86312,211350000,21528770491.43
2025-01-30,101.98858,212850000,21708269201.4
2025-01-31,102.395247,212900000,21799948151.53
2025-02-03,102.590931,211600000,21708240988.14
2025-02-04,103.512981,211400000,21882644125.46
2025-02-05,102.509106,212250000,21757557661.73
2025-02-06,103.000531,213150000,21954563141.36
2025-02-07,102.725786,212700000,21849774636.89
2025-02-10,103.239241,212850000,21974472463.64
2025-02-11,103.340842,212850000,21996098244.5
2025-02-12,103.470906,213150000,22054823515.79
2025-02-13,104.686299,214550000,22460445471.53
2025-02-14,105.317642,214150000,22553772965.51
2025-02-18,104.812604,214150000,22445619110.55
2025-02-19,104.966025,213750000,22436487746.37
2025-02-20,104.414518,214550000,22402134828.72
2025-02-21,103.015895,215400000,22189623876.7
2025-02-24,103.198072,215600000,22249504230.21
2025-02-25,101.664408,217450000,22106925416.27
2025-02-26,101.517912,217900000,22120753112.37
2025-02-27,100.531542,218550000,21971168591.24
2025-02-28,102.020989,218450000,22286485102.37
2025-03-03,100.996161,217950000,22012113330.63
2025-03-04,100.184806,217250000,21765149005.37
2025-03-05,101.493245,216050000,21927615683.66
2025-03-06,99.653319,215800000,21505186304.05
2025-03-07,100.31385,215700000,21637697481.55
2025-03-10,97.776152,215200000,21041428016.47
2025-03-11,96.382412,214150000,20640293587.97
2025-03-12,96.852677,213800000,20707102422.56
2025-03-13,94.857422,212600000,20166687957.72
2025-03-14,96.60894,212700000,20548721582.04
2025-03-17,97.236164,212600000,20672408442.63
2025-03-18,95.909303,212600000,20390317827.81
2025-03-19,97.019618,212700000,20636072696.62
2025-03-20,96.862161,212800000,20612267768.85
2025-03-21,97.640326,212950000,20792507450.68
2025-03-24,98.728622,212500000,20979832142.33
2025-03-25,99.924131,211600000,21143946101.09
2025-03-26,99.073052,210300000,20835062765.3
2025-03-27,98.6493,210400000,20755812697.16
2025-03-28,95.745736,211200000,20221499537.91
2025-03-31,96.450045,210350000,20288267041.46
2025-04-01,96.536386,210550000,20325735977.77
2025-04-02,96.897826,210800000,20426061625.49
2025-04-03,92.527122,210600000,19486211900.72
2025-04-04,87.259955,209100000,18246056671.85
2025-04-07,87.37528,207500000,18130370568.13
2025-04-08,86.114383,204850000,17640531261.45
2025-04-09,93.774306,206350000,19350328113.83
2025-04-10,90.534276,209750000,18989564364.41
2025-04-11,91.333352,209500000,19134337335.14
2025-04-14,91.853481,210200000,19307601610.27
2025-04-15,92.122648,209750000,19322725439.18
2025-04-16,89.604383,210400000,18852762097.54
2025-04-17,90.228225,210550000,18997552821.14
2025-04-21,88.165138,209950000,18510270651.67
2025-04-22,90.487378,211300000,19119982879.13
2025-04-23,91.968104,211450000,19446655601.72
2025-04-24,93.801253,211950000,19881175631.33
2025-04-25,94.399148,211700000,19984299617.98
2025-04-28,94.741429,212300000,20113605372.93
2025-04-29,95.388608,212200000,20241462613.06
2025-04-30,95.535357,212400000,20291709743.01
2025-05-01,95.962948,212450000,20387328225.91
2025-05-02,97.432982,212350000,20689893699.88
2025-05-05,97.599147,212250000,20715418882.36
2025-05-06,97.642654,213750000,20871117284.64
2025-05-07,97.408234,213100000,20757694608.3
2025-05-08,97.648362,213550000,20852807792.49
2025-05-09,97.19427,214200000,20819012662.42
2025-05-12,99.184727,212850000,21111469112.21
2025-05-13,100.186314,213450000,21384768694.58
2025-05-14,100.74431,214300000,21589505609.62
2025-05-15,101.093594,213000000,21532935480.17
2025-05-16,101.761565,212700000,21644684791.12
2025-05-19,101.899873,212350000,21638438103.76
2025-05-20,101.610386,212700000,21612528999.73
2025-05-21,100.867317,213100000,21494825292.61
2025-05-22,100.633996,213750000,21510516637.19
2025-05-23,100.170385,214250000,21461504920.51
2025-05-27,101.821607,214400000,21830552540.75
2025-05-28,101.802029,215050000,21892526389.17
2025-05-29,101.008264,215400000,21757180101.3
2025-05-30,101.455131,216000000,21914308310.75
2025-06-02,101.863365,217850000,22190934121.75
2025-06-03,101.592308,218050000,22152202866.94
2025-06-04,102.24928,217800000,22269893277.51
2025-06-05,102.415115,218200000,22346978018.67
2025-06-06,103.718765,220150000,22833686126.29
2025-06-09,103.396206,220500000,22798863465.86
2025-06-10,104.71104,221350000,23177788810.15
2025-06-11,104.448358,222900000,23281539054.32
2025-06-12,103.636951,222950000,23105858137.98
2025-06-13,102.565394,222450000,22815671922.76
2025-06-16,104.350806,223050000,23275447360.77
2025-06-17,103.427768,223500000,23116106142.96
2025-06-18,103.455408,223850000,23158493145.99
2025-06-20,102.883095,223750000,23020092502.89
2025-06-23,103.892533,224100000,23282316753.77
2025-06-24,105.230075,223850000,23555752360.48
2025-06-25,105.151947,222950000,23443626514.19
2025-06-26,106.415341,223450000,23778507936.46
2025-06-27,107.701303,222850000,24001235337.49
2025-06-30,108.529284,221350000,24022956937.93
2025-07-01,107.736836,222500000,23971446110.29
2025-07-02,107.484114,222650000,23931337956.38
2025-07-03,108.05828,223200000,24118608139.44
2025-07-07,106.996337,223150000,23876232498.93
2025-07-08,106.782722,224150000,23935347039.98
2025-07-09,107.057336,225050000,24093253572.97
2025-07-10,106.720404,223150000,23814658232.33
2025-07-11,106.021423,221750000,23510250569.9
2025-07-14,107.002344,222100000,23765220614.4
2025-07-15,106.022279,221750000,23510440365.34
2025-07-16,106.31266,221600000,23558885373.16
2025-07-17,106.611709,221400000,23603832355.69
2025-07-18,106.198863,222750000,23655796748.35
2025-07-21,107.603027,223950000,24097697906.19
2025-07-22,107.866695,223300000,24086632928.25
2025-07-23,108.427503,223550000,24238968208.06
2025-07-24,108.623833,223600000,24288289023.34
2025-07-25,107.516506,223450000,24024563163.55
2025-07-28,107.109832,222950000,23880137014.79
2025-07-29,106.083834,221550000,23502873483.29
2025-07-30,106.420333,221850000,23609350984.73
2025-07-31,107.432186,222100000,23860688579.36
2025-08-01,106.13815,224100000,23785559323.47
2025-08-04,108.154184,227000000,24550999772.53
2025-08-05,107.331935,226350000,24294583523.84
2025-08-06,107.823765,233600000,25187631523.78
2025-08-07,107.306081,244900000,26279259154.09
2025-08-08,107.659154,259500000,27937550372.89
2025-08-11,108.164755,250800000,27127720669.85
2025-08-12,110.256392,236800000,26108713647.36
2025-08-13,111.085836,229550000,25499753646.06
2025-08-14,111.231765,229850000,25566621101.86
2025-08-15,111.499249,228400000,25466428585.28
2025-08-18,110.84169,226750000,25133353144.92
2025-08-19,110.154888,226700000,24972113108.38
2025-08-20,109.818467,226650000,24890355603.9
2025-08-21,109.730336,224600000,24645433403.52
2025-08-22,111.305957,225100000,25054970880.59
2025-08-25,111.498377,224800000,25064835117.38
2025-08-26,111.02371,225400000,25024744181.23
2025-08-27,111.184189,225650000,25088712194.51
2025-08-28,111.602799,224650000,25071568775.05
2025-08-29,111.350346,226100000,25176313203.35
2025-09-02,111.149016,226150000,25136350036.05
2025-09-03,113.092357,226450000,25609764350.43
2025-09-04,114.098542,227500000,25957418338.46
2025-09-05,114.71204,227900000,26142873947.95
2025-09-08,114.838126,227950000,26177350789.47
2025-09-09,115.477325,227200000,26236448135.98
2025-09-10,114.632629,227750000,26107581345.98
2025-09-11,116.400165,227600000,26492677592.57
2025-09-12,117.374688,225950000,26520810689.45
2025-09-15,118.96391,226050000,26891791899.81
2025-09-16,118.520332,226750000,26874485327.06
2025-09-17,118.85127,227250000,27008951176.75
2025-09-18,118.906652,239650000,28495979250.45
2025-09-19,119.432419,239200000,28568234603.55
2025-09-22,118.604295,226650000,26881663468.52
2025-09-23,118.395273,228300000,27029640888.82
2025-09-24,117.435054,228300000,26810422867.93
2025-09-25,117.053619,228200000,26711635944.22
2025-09-26,118.154109,228700000,27021844614.11
2025-09-29,118.524153,228950000,27136104864.53
2025-09-30,118.377447,229300000,27143948620.06
2025-10-01,116.732558,232050000,27087790041.56
2025-10-02,116.480941,228800000,26650839252.46
2025-10-03,116.372195,228450000,26585227860.87
2025-10-06,116.517416,228400000,26612577849.87
2025-10-07,116.03768,228050000,26462393019.99
2025-10-08,115.56449,227950000,26342925558.72
2025-10-09,114.912526,228000000,26200056021.79
2025-10-10,112.806566,228750000,25804501987.0
2025-10-13,113.852216,228600000,26026616580.84
2025-10-14,114.575388,228600000,26191933714.65
2025-10-15,115.373751,228600000,26374439449.19
2025-10-16,114.187803,228650000,26109041244.95
2025-10-17,114.92334,228950000,26311698627.11
2025-10-20,116.228062,229100000,26627849008.58
2025-10-21,116.661245,229700000,26797088012.58
2025-10-22,115.643256,230700000,26678899078.76
2025-10-23,115.262005,230750000,26596707571.81
2025-10-24,115.533373,230750000,26659325890.48
2025-10-27,117.097617,230400000,26979291020.32
2025-10-28,116.567476,230550000,26874631605.12
2025-10-29,116.276547,231050000,26865696221.28
2025-10-30,114.362209,231150000,26434824700.62
2025-10-31,114.800754,229000000,26289372624.87
2025-11-03,113.604031,228700000,25981241893.13
2025-11-04,112.801312,228100000,25729979304.32
2025-11-05,113.455279,227850000,25850785321.15
2025-11-06,112.390474,228000000,25625028069.39
2025-11-07,112.097559,227600000,25513404333.46
2025-11-10,113.270826,227650000,25786103645.18
2025-11-11,114.159613,227500000,25971312004.0
2025-11-12,113.51903,227400000,25814227333.98
2025-11-13,111.923049,227400000,25451301289.56
2025-11-14,111.32732,227350000,25310266147.76
2025-11-17,111.181011,226850000,25221412253.11
2025-11-18,111.793804,227050000,25382783222.28
2025-11-19,111.205713,225000000,25021285506.51
2025-11-20,109.984468,225400000,24790499076.51
2025-11-21,111.905714,226050000,25296286713.8
2025-11-24,112.998629,225950000,25532040267.71
2025-11-25,114.294921,226200000,25853511170.06
2025-11-26,114.488251,227150000,26006006157.26
2025-11-28,115.316205,227100000,26188310190.95
2025-12-01,114.847054,227500000,26127704823.28
2025-12-02,115.221557,227350000,26195620989.13
2025-12-03,115.086302,227850000,26222413803.48
2025-12-04,115.80227,228200000,26426077938.92
2025-12-05,117.144573,228200000,26732391578.56
2025-12-08,116.268225,228200000,26532408839.55
2025-12-09,116.389758,227950000,26531045320.18
2025-12-10,117.077662,227950000,26687852946.38
2025-12-11,116.800502,228600000,26700594788.76
2025-12-12,116.550605,229100000,26701743601.2
2025-12-15,116.535009,229800000,26779745175.32
2025-12-16,116.678116,229500000,26777627583.65
2025-12-17,115.77527,229350000,26553058272.14
2025-12-18,116.45621,245300000,28566708310.54
2025-12-19,116.503512,244850000,28525885027.35
2025-12-22,116.685493,228650000,26680137991.46
2025-12-23,117.404573,229600000,26956090016.53
2025-12-24,118.074871,229800000,27133605447.9
2025-12-26,117.953504,229550000,27076226795.23
2025-12-29,117.860604,230150000,27125618020.99
2025-12-30,118.262043,230150000,27218009142.5
2025-12-31,117.697193,230700000,27152742348.92
2026-01-02,116.897401,230650000,26962385550.02
2026-01-05,117.759807,229750000,27055315667.16
2026-01-06,117.341124,229700000,26953256167.36
2026-01-07,117.10696,229500000,26876047375.38
2026-01-08,117.462232,229600000,26969328383.83
2026-01-09,117.911578,228700000,26966377949.44
2026-01-12,117.522282,229350000,26953735361.18
2026-01-13,116.881293,229250000,26795036480.19
2026-01-14,116.632922,229500000,26767255670.2
2026-01-15,116.209467,229200000,26635209947.33
2026-01-16,115.156552,230600000,26555100946.08
2026-01-20,113.458544,230800000,26186231976.78
2026-01-21,114.601275,230850000,26455704273.98
2026-01-22,116.24495,230050000,26742150740.37
2026-01-23,116.96594,230300000,26937256033.25
2026-01-26,117.737802,231150000,27215092859.17
2026-01-27,116.897753,232100000,27131968487.45
2026-01-28,116.69683,232100000,27085334282.19
2026-01-29,119.825934,231550000,27745695093.88
2026-01-30,120.097976,232800000,27958808732.4
2026-02-02,119.634719,232450000,27809090327.26
2026-02-03,117.727005,231850000,27295006205.67
2026-02-04,116.783622,231100000,26988695081.03
2026-02-05,116.257314,230750000,26826375160.81
2026-02-06,115.799894,229300000,26552915600.46
2026-02-09,116.922801,229250000,26804552201.38
2026-02-10,117.531239,228300000,26832381815.37
2026-02-11,116.76222,227900000,26610110001.77
2026-02-12,114.625503,229150000,26266433901.6
2026-02-13,114.575262,229150000,26254921192.62
2026-02-17,114.363809,229100000,26200748751.87
2026-02-18,114.631209,228950000,26244815253.89
2026-02-19,114.970504,229400000,26374233580.56
2026-02-20,116.750924,229450000,26788499426.22
2026-02-23,115.355696,229350000,26456828963.46
2026-02-24,116.149276,229750000,26685296209.84
2026-02-25,116.47555,229650000,26748610069.83
2026-02-26,116.708985,229550000,26790547490.27
2026-02-27,118.076869,230050000,27163583654.08
2026-03-02,117.908935,230150000,27136741476.29
2026-03-03,118.000453,229100000,27033903708.6
2026-03-04,118.824073,227050000,26979005802.38
2026-03-05,118.492294,226600000,26850353811.65
2026-03-06,117.502856,225500000,26496894014.7
2026-03-09,117.573437,225050000,26459902041.64
2026-03-10,117.382902,223950000,26287900886.63
2026-03-11,117.032017,221800000,25957701389.44
2026-03-12,115.314312,221250000,25513291432.25
2026-03-13,114.471499,219700000,25149388418.51
2026-03-16,115.32575,217650000,25100649559.59
2026-03-17,115.383101,217350000,25078516929.26
2026-03-18,113.663986,217850000,24761699334.12
2026-03-19,113.162651,217250000,24584585990.7
2026-03-20,112.246185,216750000,24329360605.18
2026-03-23,112.678331,215000000,24225841210.69
2026-03-24,111.116584,215600000,23956735607.14
2026-03-25,111.440675,215500000,24015465451.65
2026-03-26,108.797381,215900000,23489354656.95
2026-03-27,107.066672,217650000,23303061266.51
2026-03-30,107.944052,217650000,23494022998.48
2026-03-31,110.893073,217400000,24108154068.29
2026-04-01,111.19665,216350000,24057395300.25
2026-04-02,111.661479,216100000,24130045615.78
2026-04-06,111.769531,216450000,24192514934.3
2026-04-07,111.848829,216650000,24232048853.01
2026-04-08,113.81934,216350000,24624814201.9
2026-04-09,114.254994,216500000,24736206173.74
2026-04-10,113.924728,216300000,24641918744.29
2026-04-13,114.804495,216050000,24803511193.43
2026-04-14,116.54916,217000000,25291167632.03
2026-04-15,117.396499,217800000,25568957575.41
2026-04-16,118.860684,218050000,25917572098.74
2026-04-17,119.090431,218950000,26074849946.25
2026-04-20,118.730069,219150000,26019694522.65
2026-04-21,117.155846,219700000,25739139375.07
2026-04-22,117.909548,220350000,25981368900.61
2026-04-23,117.355285,220600000,25888575918.48
2026-04-24,115.595708,219550000,25379037587.1
2026-04-27,115.785097,219550000,25420618041.04
2026-04-28,115.706952,219550000,25403461396.54
2026-04-29,115.255726,219700000,25321682910.24
2026-04-30,116.478593,220150000,25642762184.57
2026-05-01,116.733161,218900000,25552888870.26
2026-05-04,116.088868,219150000,25440875425.72
2026-05-05,115.604231,218800000,25294205640.77
2026-05-06,117.400446,218700000,25675477524.43
2026-05-07,117.354956,218200000,25606851303.37
2026-05-08,116.963819,217350000,25422085977.31
2026-05-11,115.576964,216900000,25068643537.21
2026-05-12,115.874667,216800000,25121627867.75
2026-05-13,116.765379,216550000,25285542799.81
2026-05-14,117.098245,216950000,25404464209.35
2026-05-15,116.057392,215900000,25056790961.92
2026-05-18,116.930568,216350000,25297928463.92
2026-05-19,115.802157,217500000,25186969041.47
2026-05-20,116.11534,218800000,25406036434.03
2026-05-21,116.084595,218700000,25387700880.1
2026-05-22,115.459936,217650000,25129855075.54
2026-05-26,115.515436,217700000,25147710522.54
2026-05-27,116.269835,218050000,25352637566.41
2026-05-28,116.645929,216700000,25277172745.8
2026-05-29,115.713426,217050000,25115599094.11
2026-06-01,115.648441,216050000,24985845664.1
2026-06-02,113.601004,215500000,24481016362.85
2026-06-03,112.059776,214400000,24025616026.56
2026-06-04,113.077145,215300000,24345509214.28
2026-06-05,111.661203,215500000,24062989303.68
2026-06-08,111.074493,214150000,23786602642.34
2026-06-09,111.545,213800000,23848321100.09
2026-06-10,111.022557,213000000,23647804704.71
2026-06-11,112.110575,213500000,23935607802.7
2026-06-12,111.665753,213150000,23801555221.26
2026-06-15,112.177257,213250000,23921800129.64
2026-06-16,112.328085,214100000,24049443034.87
2026-06-17,109.21971,212950000,23258337246.47
2026-06-18,109.51579,211900000,23206395833.61
2026-06-22,106.901437,211100000,22566893251.68
2026-06-23,107.281169,210800000,22614870345.98
2026-06-24,106.504843,209050000,22264837362.74
2026-06-25,105.595949,205950000,21747485763.07
2026-06-26,106.212255,206400000,21922209465.72
2026-06-29,107.909844,208200000,22466829484.8
2026-06-30,107.21033,207650000,22262224936.37
2026-07-01,109.720754,212200000,23282743896.55
2026-07-02,109.658338,211400000,23181772755.17
2026-07-06,110.240619,210800000,23238722585.1
2026-07-07,111.056688,208800000,23188636439.84
2026-07-08,109.516242,209350000,22927225220.61
2026-07-09,110.556082,208850000,23089637750.86
2026-07-10,111.634416,206850000,23091578952.16
2026-07-13,111.560737,205250000,22897841304.44
2026-07-14,111.455219,206350000,22998784361.5
2026-07-15,113.373427,206100000,23366263268.61
2026-07-16,112.659157,206250000,23235951182.63
2026-07-17,110.701361,206550000,22865366171.73
2026-07-20,110.75398,206550000,22876234560.78
2026-07-21,110.051681,205350000,22599112760.42
2026-07-22,109.179498,204750000,22354502311.13
2026-07-23,105.403142,205700000,21681426242.71
2026-07-24,106.280895,203800000,21660046425.45
2026-07-27,107.65812,203750000,21935341871.93
2026-07-28,109.647254,203250000,22285804411.08
2026-07-29,109.507316,202150000,22136903973.02
2026-07-30,106.605381,201350000,21464993381.0
2026-07-31,108.211463,200750000,21723451179.4
2026-08-03,111.287326,203950000,22697050138.36
2026-08-04,112.027709,200950000,22511968073.97
2026-08-05,110.85778,202500000,22448700516.08
